Species	Mitochondrial genome accession	Gene count	ATP6	ATP8	COX1	COX2	COX3	CYTB	ND1	ND2	ND3	ND4	ND4L	ND5	ND6	rRNA-12S	rRNA-16S	tRNA-Ala	tRNA-Arg	tRNA-Asn	tRNA-Asp	tRNA-Cys	tRNA-Gln	tRNA-Glu	tRNA-Gly	tRNA-His	tRNA-Ile	tRNA-Leu	tRNA-Lys	tRNA-Met	tRNA-Phe	tRNA-Pro	tRNA-Ser	tRNA-Thr	tRNA-Trp	tRNA-Tyr	tRNA-Val
Acerella muscorum	KJ101608.1	35	AHL42969.1	AHL42968.1	AHL42967.1	AHL42973.1	AHL42970.1	AHL42964.1	AHL42966.1	AHL42961.1	AHL42962.1	AHL42972.1	AHL42971.1	AHL42965.1	AHL42963.1	6482..7098	13271..14374	complement(14375..14439)	complement(11562..11628)	11382..11444	1444..1505	complement(7289..7342)	complement(7099..7162)	1999..2060	5404..5463	complement(5347..5405)	14738..14798	416..477;6417..6481	9700..9757	7160..7225	13206..13270	7228..7289	3608..3670	1936..1999	7356..7422	complement(7420..7484)	11444..11501
Acerentomon microrhinus	JQ728012.1	35	AFI54920.1	AFI54919.1	AFI54917.1	AFI54918.1	AFI54921.1	AFI54924.1	AFI54928.1	AFI54916.1	AFI54922.1	AFI54927.1	AFI54926.1	AFI54925.1	AFI54923.1	complement(1..726)	12783..13888	6123..6178	11627..11676	6293..6349	4117..4172	complement(11673..11730)	10109..10172	7979..8041	10049..10108	complement(10173..10229)	complement(12663..12724)	complement(727..787);complement(11522..11577)	4096..4153	9986..10050	complement(7978..8040)	12723..12782	6234..6291;7920..7978	6179..6232	1798..1865	complement(1737..1798)	complement(11579..11637)
Actinia tenebrosa	MK291977.1	17	QEQ76388.1	QEQ76387.1	QEQ76385.1	QEQ76380.1	QEQ76384.1	QEQ76383.1	QEQ76377.1	QEQ76379.1	QEQ76378.1	QEQ76381.1	QEQ76386.1	QEQ76376.1	QEQ76382.1	5800..6881	13399..15592	-	-	-	-	-	-	-	-	-	-	-	-	13328..13398	-	-	-	-	4252..4321	-	-
Alexandromenia crassa	PP333953.1	34	XGY06789.1	XGY06790.1	XGY06787.1	XGY06788.1	-	XGY06794.1	XGY06796.1	XGY06786.1	XGY06785.1	XGY06792.1	XGY06793.1	XGY06791.1	XGY06795.1	complement(13839..14679)	complement(12459..13771)	complement(1132..1193)	1095..1158	1229..1291	5217..5278	complement(14754..14814)	complement(14945..15013)	complement(15148..15211)	complement(15018..15078)	complement(8060..8122)	175..241	complement(12394..12458);complement(15082..15147)	1163..1228	complement(14680..14745)	complement(6291..6354)	6062..6128	1647..1714;complement(9765..9825)	5992..6059	complement(14879..14943)	complement(14815..14877)	complement(13772..13838)
Allacma fusca	MT547779.1	35	QKX48638.1	QKX48629.1	QKX48627.1	QKX48628.1	QKX48630.1	QKX48636.1	QKX48637.1	QKX48626.1	QKX48631.1	QKX48633.1	QKX48634.1	QKX48632.1	QKX48635.1	complement(13898..14625)	complement(12541..13760)	5837..5904	5907..5970	5971..6035	complement(11398..11462)	complement(1354..1414)	complement(62..129)	6104..6169	5428..5492	complement(7922..7984)	1..65	2974..3038;complement(14683..14749)	3728..3793	127..192	complement(6170..6234)	complement(9586..9651)	6036..6103;11322..11392	9651..9714	1280..1348	complement(1206..1270)	complement(13776..13841)
Allonautilus scrobiculatus	KP892752.1	35	AKE32137.1	AKE32136.1	AKE32134.1	AKE32135.1	AKE32144.1	AKE32141.1	AKE32143.1	AKE32146.1	AKE32145.1	AKE32139.1	AKE32140.1	AKE32138.1	AKE32142.1	complement(4072..4955)	complement(2659..4005)	14339..14404	14420..14483	14546..14610	2218..2283	complement(5026..5087)	complement(5220..5287)	complement(13328..13396)	complement(6272..6337)	complement(8872..8934)	14615..14682	complement(2529..2592);complement(2592..2658)	14278..14342	complement(4956..5022)	complement(2464..2528)	complement(12290..12355)	complement(10583..10649);15035..15101	6114..6181	complement(5156..5221)	complement(5088..5155)	complement(4006..4071)
Amia calva	AY442347.1	35	AAR16095.1	AAR16094.1	AAR16092.1	AAR16093.1	AAR16096.1	AAR16102.1	AAR16090.1	AAR16091.1	AAR16097.1	AAR16099.1	AAR16098.1	AAR16100.1	AAR16101.1	69..1089	1162..2869	complement(5260..5328)	10105..10174	complement(5330..5402)	7207..7279	complement(5440..5505)	complement(4001..4071)	complement(14421..14490)	9684..9755	11846..11915	3930..4001	2870..2944;11988..12060	7983..8056	4071..4139	1..68	complement(15709..15779)	complement(7129..7199);11916..11985	15634..15704	5185..5256	complement(5506..5576)	1090..1161
Amynthas cucullatus	KT429012.1	35	AMO26989.1	AMO26985.1	AMO26983.1	AMO26984.1	AMO26986.1	AMO26988.1	AMO26993.1	AMO26995.1	AMO26994.1	AMO26992.1	AMO26991.1	AMO26990.1	AMO26987.1	10291..11078	11141..12395	12458..12519	5855..5917	1549..1609	2297..2358	10164..10227	3423..3491	8330..8392	2580..2643	6487..6550	13569..13633	12396..12456;12584..12644	13634..13697	10228..10290	8268..8329	8391..8452	12518..12583;14053..14116	8453..8516	5096..5158	2519..2581	11079..11142
Androctonus mauritanicus	PP698025.1	34	XAG91119.1	XAG91118.1	XAG91116.1	XAG91117.1	XAG91120.1	XAG91125.1	XAG91126.1	XAG91115.1	XAG91121.1	XAG91122.1	XAG91123.1	XAG91127.1	XAG91124.1	complement(13600..14321)	complement(12422..13376)	5942..6002	6003..6062	6064..6126	-	complement(1549..1605)	331..393	6180..6236	5543..5601	complement(7971..8028)	393..456	complement(12270..12332);complement(12333..12387)	3879..3942	458..523	complement(6235..6295)	complement(9688..9745)	6127..6179;11285..11343	9629..9687	1488..1549	complement(1608..1667)	complement(13540..13602)
Anindobothrium lisae	MZ594640.1	34	UFQ89154.1	-	UFQ89153.1	UFQ89152.1	UFQ89151.1	UFQ89150.1	UFQ89149.1	UFQ89148.1	UFQ89147.1	UFQ89146.1	UFQ89145.1	UFQ89144.1	UFQ89143.1	2683..3400	1655..2617	11746..11806	4851..4907	12781..12844	11810..11874	2618..2682	10074..10134	3995..4057	6699..6767	7416..7486	12911..12976	4698..4760;4787..4850	12996..13058	10190..10254	10132..10193	12848..12911	4570..4637;13417..13475	1587..1651	13481..13546	4531..4592	11677..11739
Anneissia pinguis	NC_054279.1	35	YP_010044619.1	YP_010044618.1	YP_010044615.1	YP_010044617.1	YP_010044620.1	YP_010044625.1	YP_010044627.1	YP_010044626.1	YP_010044621.1	YP_010044622.1	YP_010044616.1	YP_010044623.1	YP_010044624.1	complement(11033..11899)	complement(12127..13672)	complement(10237..10311)	1559..1628	10087..10159	complement(10598..10669)	10382..10451	complement(10007..10079)	complement(10962..11032)	complement(12057..12126)	6168..6240	14790..14862	10165..10236;complement(11973..12044)	2624..2693	10524..10595	complement(11900..11972)	9931..10000	complement(4339..4409);6267..6334	complement(10888..10962)	10313..10381	complement(13673..13743)	complement(10451..10520)
Armillifer grandis	KY914472.1	34	AVC55710.1	AVC55709.1	-	AVC55708.1	AVC55711.1	AVC55717.1	AVC55718.1	AVC55706.1	AVC55712.1	AVC55714.1	AVC55715.1	AVC55713.1	AVC55716.1	complement(13041..13697)	complement(11837..12982)	5629..5685	5685..5747	5803..5855	3634..3688	complement(1203..1255)	complement(1254..1318)	5911..5965	5230..5285	complement(7628..7688)	73..132	2907..2969;complement(13698..13757)	5747..5803	134..195	complement(5964..6020)	complement(9284..9339)	2..55;5854..5911	9229..9283	1154..1210	complement(1321..1380)	complement(12983..13040)
Aspidodiadema arcitum	ON254173.1	34	UTD49253.1	UTD49252.1	UTD49249.1	UTD49251.1	UTD49254.1	UTD49258.1	UTD49259.1	UTD49260.1	UTD49255.1	UTD49248.1	-	UTD49256.1	UTD49257.1	9935..10826	14325..15870	complement(11541..11613)	1565..1632	11397..11470	complement(11924..11993)	11682..11748	complement(11325..11396)	10827..10899	12078..12145	6150..6217	13194..13265	11470..11541;12145..12219	2619..2689	11844..11918	9862..9934	11253..11321	complement(4323..4392);6219..6286	10900..10971	11612..11682	12002..12072	complement(11748..11817)
Asterias amurensis	AB183559.1	13	BAD86689.1	BAD86688.1	BAD86685.1	BAD86687.1	BAD86690.1	BAD86695.1	BAD86684.1	BAD86683.1	BAD86691.1	BAD86692.1	BAD86686.1	BAD86693.1	BAD86694.1	-	-	-	-	-	-	-	-	-	-	-	-	-	-	-	-	-	-	-	-	-	-
Astrodia duospina	PP379624.1	35	XBA95495.1	XBA95494.1	XBA95491.1	XBA95493.1	XBA95496.1	XBA95501.1	XBA95503.1	XBA95502.1	XBA95497.1	XBA95498.1	XBA95492.1	XBA95499.1	XBA95500.1	complement(9462..10363)	complement(10552..11918)	complement(12126..12192)	1611..1677	complement(15792..15863)	complement(13522..13587)	15936..16003	15862..15932	complement(12238..12306)	complement(9192..9259)	6195..6262	complement(14639..14710)	complement(11968..12032);complement(15712..15783)	2679..2749	complement(12048..12116)	complement(10370..10440)	complement(9404..9467)	complement(4391..4462);6284..6351	complement(12307..12373)	16275..16341	complement(16131..16197);complement(16203..16269)	complement(16003..16072)
Asymmetron inferum	AP009352.1	35	BAF76602.1	BAF76601.1	BAF76597.1	BAF76600.1	BAF76598.1	BAF76607.1	BAF76608.1	BAF76609.1	BAF76599.1	BAF76604.1	BAF76603.1	BAF76606.1	BAF76605.1	10169..11022	11155..12514	complement(14881..14943)	4575..4638	complement(14743..14808)	2901..2967	complement(14949..15005)	2744..2812	complement(8832..8895)	complement(6902..6967)	6282..6346	13528..13593	complement(8760..8826);12515..12584	3659..3772	13595..13661	11023..11087	complement(10104..10168)	complement(2816..2886);6347..6412	10040..10104	14810..14877	complement(15006..15072)	11088..11154
Atheraster arandae	PX413461.1	33	YAN97358.1	YAN97357.1	YAN97354.1	YAN97356.1	YAN97359.1	YAN97364.1	YAN97366.1	YAN97365.1	-	YAN97361.1	-	YAN97362.1	YAN97363.1	10130..11021	complement(11552..13148)	15908..15973	1558..1626	complement(16047..16118)	15556..15625	complement(15767..15834)	16123..16193	11025..11093	complement(15408..15476)	6336..6405	complement(14264..14335)	complement(15311..15384);complement(15975..16046)	2626..2683	complement(15626..15696)	10060..10129	complement(16194..16262)	complement(4325..4395);6407..6474	11098..11168	complement(15839..15907)	complement(15484..15555)	15697..15766
Balanus trigonus	MW646099.1	35	QTF87977.1	QTF87976.1	QTF87974.1	QTF87975.1	QTF87978.1	QTF87984.1	QTF87985.1	QTF87986.1	QTF87979.1	QTF87981.1	QTF87980.1	QTF87982.1	QTF87983.1	complement(13145..13961)	complement(11769..13075)	4522..4588	4391..4453	4458..4521	2303..2370	complement(10561..10626)	complement(10669..10736)	4597..4662	3975..4038	6457..6520	14360..14427	1547..1614;complement(11701..11768)	complement(10472..10537)	14433..14497	8223..8286	4776..4839	4663..4721;10285..10354	8411..8477	15496..15560	10363..10428	complement(13076..13143)
Bathysquilla crassispinosa	PP761313.1	34	XAL81978.1	XAL81977.1	-	XAL81976.1	XAL81979.1	XAL81985.1	XAL81986.1	XAL81987.1	XAL81980.1	XAL81982.1	XAL81983.1	XAL81981.1	XAL81984.1	complement(12741..13573)	complement(11301..12669)	4481..4544	4560..4624	4627..4694	2373..2438	complement(14997..15060)	complement(13772..13839)	4763..4821	4058..4123	complement(6627..6692)	13695..13774	1541..1602;complement(11238..11300)	2297..2364	13852..13920	complement(4822..4889)	complement(8396..8461)	4695..4762;10120..10187	8329..8395	14923..14989	complement(15076..15140)	complement(12671..12742)
Batillipes longispinosus	KF938943.1	34	AHZ34673.1	AHZ34672.1	-	AHZ34671.1	AHZ34674.1	AHZ34680.1	AHZ34681.1	AHZ34669.1	AHZ34675.1	AHZ34677.1	AHZ34678.1	AHZ34676.1	AHZ34679.1	complement(13183..13865)	complement(12029..13128)	5502..5566	5567..5617	5617..5682	3462..3523	complement(1065..1117)	complement(13866..13930)	5746..5810	5101..5164	complement(7507..7572)	complement(11905..11968)	complement(11843..11903);complement(11968..12028)	3394..3457	1..65;complement(13929..13994)	complement(5812..5877)	complement(9245..9309)	5682..5746;complement(10856..10912)	9166..9244	1008..1074	complement(1125..1184)	complement(13129..13182)
Beroe cucumis	MK361035.1	11	-	-	QGL53116.1	QGL53124.1	QGL53121.1	QGL53117.1	QGL53123.1	QGL53122.1	-	QGL53120.1	QGL53118.1	QGL53119.1	-	203..566	567..1439	-	-	-	-	-	-	-	-	-	-	-	-	-	-	-	-	-	-	-	-
Beroe forskalii	MG655624.1	13	-	-	AWK60599.1	AWK60608.1	AWK60605.1	AWK60603.1	AWK60604.1	AWK60606.1	AWK60609.1	AWK60601.1	AWK60611.1	AWK60600.1	AWK60610.1	1880..2255	2256..3105	-	-	-	-	-	-	-	-	-	-	-	-	-	-	-	-	-	-	-	-
Blanus cinereus	EU443257.1	35	ABZ79345.1	ABZ79344.1	ABZ79342.1	ABZ79343.1	ABZ79346.1	ABZ79352.1	ABZ79340.1	ABZ79341.1	ABZ79347.1	ABZ79349.1	ABZ79348.1	ABZ79350.1	ABZ79351.1	71..1025	1093..2605	complement(4962..5030)	9735..9797	complement(5032..5104)	6880..6946	complement(5133..5190)	complement(3718..3788)	complement(14022..14089)	9318..9388	11467..11535	3648..3717	2606..2680;11601..11671	7632..7697	3788..3855	1..70	complement(15735..15799)	complement(6803..6873);11536..11601	15246..15313	4896..4961	complement(5192..5262)	1026..1092
Brachionus manjavacas	MW559987.1	17	-	-	QSX43080.1	QSX43085.1	QSX43086.1	-	-	-	QSX43087.1	QSX43083.1	QSX43082.1	QSX43084.1	QSX43081.1	-	-	7129..7193	1553..1619	5585..5650	-	2160..2219	-	-	-	-	1630..1694	7617..7680	7546..7610	-	12313..12376	-	12377..12441	-	-	-	-
Brachionus plicatilis	AP009408.1	17	-	-	BAG12878.1	BAG12883.1	BAG12884.1	-	-	-	BAG12885.1	BAG12881.1	BAG12880.1	BAG12882.1	BAG12879.1	-	-	7133..7197	1554..1620	5591..5655	-	2164..2224	-	-	-	-	1631..1695	7623..7686	7550..7613	-	12542..12605	-	12606..12672	-	-	-	-
Branchinecta paludosa	MZ853171.1	35	UBX38437.1	UBX38438.1	UBX38440.1	UBX38439.1	UBX38436.1	UBX38430.1	UBX38429.1	UBX38441.1	UBX38435.1	UBX38433.1	UBX38432.1	UBX38434.1	UBX38431.1	220..971	1036..2187	complement(8554..8615)	complement(8490..8552)	complement(8424..8486)	complement(11327..11388)	13801..13861	13862..13927	complement(8293..8356)	complement(8962..9023)	6405..6467	13928..13989	2188..2249;complement(12136..12197)	complement(11390..11452)	complement(14950..15012)	8096..8157	4823..4885	complement(3158..3224);complement(8357..8423)	complement(4886..4947)	complement(13989..14050)	13735..13796	971..1035
Branchiostoma floridae	AF098298.1	35	AAB87995.1	AAB87996.1	AAB87991.2	AAB87997.1	AAB87994.1	AAB88000.1	AAB88002.1	AAB88003.2	AAB87998.1	AAB87992.1	AAB87993.2	AAB87999.1	AAB88001.2	10153..10998	11134..12504	complement(14887..14949)	4429..4495	complement(14751..14820)	1625..1689	complement(14950..15007)	complement(13648..13716)	complement(8814..8878)	8260..8327	6131..6196	13519..13581	6263..6330;12505..12575	2381..2446	13582..13648	10999..11064	complement(10087..10152)	complement(1546..1616);6197..6262	10023..10086	14820..14888	complement(15008..15073)	11067..11133
Bubalus quarlesi	NC_060307.1	35	YP_010248052.1	YP_010248051.1	YP_010248049.1	YP_010248050.1	YP_010248053.1	YP_010248059.1	YP_010248047.1	YP_010248048.1	YP_010248054.1	YP_010248056.1	YP_010248055.1	YP_010248057.1	YP_010248058.1	70..1026	1092..2662	complement(5013..5083)	9810..9878	complement(5085..5157)	6943..7011	complement(5190..5256)	complement(3762..3833)	complement(14080..14148)	9393..9462	11547..11617	3696..3764	2663..2737;11678..11747	7700..7767	3836..3904	1..69	15297..15365	complement(6867..6935);11618..11676	15365..15430	4947..5013	complement(5257..5323)	1027..1093
Caecilia tentaculata	KF540146.1	35	AGZ18882.1	AGZ18890.1	AGZ18880.1	AGZ18881.1	AGZ18883.1	AGZ18889.1	AGZ18878.1	AGZ18879.1	AGZ18884.1	AGZ18886.1	AGZ18885.1	AGZ18887.1	AGZ18888.1	68..1001	1068..2644	complement(4995..5063)	9788..9855	complement(5065..5137)	6919..6987	complement(5169..5233)	complement(3752..3820)	complement(13993..14061)	9376..9444	11518..11585	3684..3753	2645..2718;11651..11721	7680..7752	3820..3888	1..68	complement(15307..15375)	complement(6846..6916);11586..11651	15207..15278	4925..4993	complement(5234..5302)	1002..1067
Calopteryx splendens	MT410843.1	34	QNE85953.1	QNE85952.1	QNE85950.1	QNE85951.1	QNE85954.1	QNE85948.1	QNE85949.1	-	QNE85955.1	QNE85945.1	QNE85946.1	QNE85944.1	QNE85947.1	complement(7737..8528)	complement(6373..7687)	15195..15259	15260..15323	15325..15389	13098..13163	complement(10566..10627)	complement(9056..9123)	15461..15523	14780..14842	complement(1793..1857)	8990..9058	complement(6309..6373);12273..12338	13027..13097	9124..9192	complement(1..66)	complement(3574..3639)	5274..5338;15390..15458	3487..3551	10505..10573	complement(10628..10698)	complement(7687..7736)
Capulus dilatatus	OR687630.1	35	WOW98758.1	WOW98757.1	WOW98755.1	WOW98756.1	WOW98765.1	WOW98761.1	WOW98759.1	WOW98767.1	WOW98766.1	WOW98763.1	WOW98762.1	WOW98764.1	WOW98760.1	3787..4653	4736..6005	13873..13938	13939..14005	14010..14076	2242..2309	complement(3383..3450)	complement(3521..3575)	complement(3648..3712)	complement(3583..3647)	10701..10764	14089..14159	6060..6128;6137..6205	13802..13868	complement(3245..3310)	12482..12537	7148..7214	8867..8930;14514..14580	complement(8936..8999)	complement(3451..3517)	complement(3320..3382)	4654..4717
Carcinoscorpius rotundicauda	JX437074.1	35	AFR25738.1	AFR25737.1	AFR25747.1	AFR25736.1	AFR25739.1	AFR25744.1	AFR25745.1	AFR25735.1	AFR25740.1	AFR25742.1	AFR25743.1	AFR25741.1	AFR25746.1	complement(13858..14677)	complement(12488..13787)	5794..5863	5864..5925	5925..5994	3705..3769	complement(1286..1350)	complement(66..132)	6059..6121	5377..5442	complement(7907..7970)	1..67	complement(12354..12419);complement(12421..12487)	3635..3705	131..199	complement(6128..6192)	complement(9670..9735)	5994..6059;11329..11396	9605..9668	1218..1286	complement(1351..1415)	complement(13788..13857)
Carinina ochracea	OR419502.1	35	WMV97817.1	WMV97816.1	WMV97814.1	WMV97815.1	WMV97824.1	WMV97820.1	WMV97818.1	WMV97826.1	WMV97825.1	WMV97822.1	WMV97821.1	WMV97823.1	WMV97819.1	4524..5280	5470..6504	13973..14036	14041..14104	14106..14168	2239..2305	4397..4459	4185..4253	12977..13031	13037..13100	11167..11230	14170..14234	6519..6581;6655..6717	13897..13962	4460..4523	3259..3322	complement(7656..7718)	9363..9427;14599..14666	complement(9429..9493)	4262..4324	4335..4396	5379..5443
Carinoma armandi	OR397958.1	35	WMW23667.1	WMW23666.1	WMW23664.1	WMW23665.1	WMW23674.1	WMW23670.1	WMW23668.1	WMW23676.1	WMW23675.1	WMW23672.1	WMW23671.1	WMW23673.1	WMW23669.1	4076..4831	5076..6106	13515..13579	13589..13652	13653..13719	2221..2286	3760..3822	3688..3756	12539..12591	12593..12658	10680..10743	13725..13788	6155..6213;6226..6288	13445..13508	4008..4072	3149..3214	complement(7220..7282)	8877..8943;14140..14208	complement(8946..9010)	3826..3891	3894..3957	4838..4902
Casuarius casuarius	MN356153.1	35	QNN84163.1	QNN84162.1	QNN84160.1	QNN84161.1	QNN84164.1	QNN84169.1	QNN84158.1	QNN84159.1	QNN84165.1	QNN84167.1	QNN84166.1	QNN84168.1	QNN84170.1	70..1037	1107..2701	complement(5091..5159)	9871..9938	complement(5163..5235)	6995..7063	complement(5239..5305)	complement(3835..3905)	complement(15545..15613)	9449..9517	11607..11676	3758..3829	2702..2775;11742..11812	7753..7822	3905..3975	1..70	complement(14929..14998)	complement(6919..6992);11677..11742	14784..14853	5015..5089	complement(5306..5375)	1037..1107
Centrorhynchus aluconis	KT592357.1	32	AMK47816.1	-	AMK47814.1	AMK47823.1	AMK47824.1	AMK47821.1	-	AMK47825.1	AMK47817.1	AMK47819.1	AMK47818.1	AMK47820.1	-	11997..12578	1700..2600	14039..14091	14088..14141	14140..14193	3088..3140	13257..13309	1587..1647	6023..6084	1547..1599	7770..7827	11593..11646	2601..2657;9468..9519	5965..6025	11943..11996	12571..12621	9520..9571	3205..3252;14195..14250	6085..6139	4161..4219	1643..1699	5900..5960
Cephalodiscus hodgsoni	MF374802.1	33	QAV59298.1	-	QAV59289.1	QAV59299.1	QAV59297.1	QAV59294.1	-	QAV59293.1	QAV59295.1	QAV59291.1	QAV59300.1	QAV59296.1	QAV59292.1	15440..16310	14300..15366	12802..12866	12500..12563	10772..10839	12947..13016	7778..7841	15367..15435	7984..8045	complement(6135..6197)	312..376	8650..8720	7543..7614;8577..8648	12653..12719	12878..12944	12574..12642	complement(3032..3095)	8048..8117;12731..12799	7849..7916	12429..12496	complement(4498..4571)	13017..13081
Cephalothrix simula	FJ594739.1	34	ACL27417.1	ACL27418.1	-	ACL27429.1	ACL27425.1	ACL27420.1	ACL27419.1	ACL27427.1	ACL27426.1	ACL27422.1	ACL27421.1	ACL27423.1	ACL27424.1	2102..2939	3008..4298	12047..12115	12117..12181	12182..12247	1804..1867	953..1015	10618..10687	13850..13914	12684..12749	8786..8849	12262..12326	4299..4366;4656..4720	11979..12044	2038..2101	1727..1793	complement(5669..5734)	6894..6961;12749..12817	complement(7065..7131)	16229..16296	1..67	2940..3007
Cerebratulus sp.	OR397956.1	35	WMW23719.1	WMW23718.1	WMW23716.1	WMW23717.1	WMW23726.1	WMW23722.1	WMW23720.1	WMW23728.1	WMW23727.1	WMW23724.1	WMW23723.1	WMW23725.1	WMW23721.1	3356..4194	4259..5559	12949..13012	13160..13224	13225..13289	2287..2351	3223..3283	13084..13151	11957..12021	12029..12092	10158..10219	13295..13358	5560..5625;5637..5700	12889..12948	3288..3355	13015..13079	complement(6705..6765)	8370..8437;14176..14242	complement(8439..8503)	1534..1598	6635..6699	4195..4258
Charinus carajas	OQ758255.1	34	WGV34165.1	WGV34164.1	-	WGV34163.1	WGV34166.1	WGV34172.1	WGV34173.1	WGV34161.1	WGV34167.1	WGV34169.1	WGV34170.1	WGV34168.1	WGV34171.1	complement(13691..14439)	complement(12292..13409)	5744..5813	5814..5877	5877..5942	3657..3722	complement(1262..1323)	complement(64..132)	5999..6062	5331..5397	complement(7790..7859)	1..66	complement(12201..12268);complement(12271..12336)	3590..3657	132..201	complement(6059..6125)	complement(9563..9625)	5943..5997;11191..11260	9503..9562	1196..1262	complement(1325..1385)	complement(13612..13681)
Chrysaora quinquecirrha	MW401676.1	18	QQY98447.1	QQY98446.1	QQY98444.1	QQY98445.1	QQY98448.1	QQY98456.1	QQY98454.1	QQY98449.1	QQY98452.1	QQY98455.1	QQY98453.1	QQY98450.1	QQY98451.1	11095..12053	complement(1865..3556)	-	-	-	-	-	-	-	-	-	-	-	-	7885..7955	-	-	3599..3660	-	6113..6182	-	-
Ciona intestinalis	AM292218.1	35	CAL23349.2	CAL23358.1	CAL23359.2	CAL23351.2	CAL23354.2	CAL23352.2	CAL23355.2	CAL23350.2	CAL23356.2	CAL23357.2	CAL23353.2	CAL23360.2	CAL23348.2	1..660	7591..8719	3346..3407	5573..5640	1561..1630	1349..1416	10607..10658	5640..5706	9130..9199	1212..1279;10885..10952	5500..5569	8720..8786	11035..11098;14524..14591	6498..6566	1282..1344;1494..1560	10672..10739	5157..5218	1428..1487;11099..11159	12725..12788	661..722	10965..11031	9200..9264
Colobocentrotus mertensii	MK609487.1	34	QLM02015.1	QLM02014.1	QLM02011.1	QLM02013.1	QLM02016.1	QLM02021.1	QLM02009.1	QLM02010.1	QLM02017.1	QLM02018.1	-	QLM02019.1	QLM02020.1	74..966	4318..5876	complement(1539..1609)	7440..7508	1396..1467	complement(1916..1984)	1681..1749	complement(1317..1388)	967..1035	2073..2140	12026..12095	3188..3258	1468..1539;2141..2213	8497..8566	1842..1914	1..73	1246..1315	complement(10197..10266);12096..12164	1040..1112	1612..1680	1999..2069	complement(1749..1818)
Conus marmoreus	OR033162.1	35	WJJ70350.1	WJJ70349.1	WJJ70347.1	WJJ70348.1	WJJ70357.1	WJJ70353.1	WJJ70351.1	WJJ70359.1	WJJ70358.1	WJJ70355.1	WJJ70354.1	WJJ70356.1	WJJ70352.1	3843..4798	4866..6234	13773..13839	13857..13925	13939..14007	2393..2458	complement(3504..3567)	complement(3635..3692)	complement(3775..3842)	complement(3708..3773)	10889..10955	14017..14087	6235..6304;6311..6379	13683..13753	complement(3359..3426)	12671..12735	7326..7392	9056..9120;14457..14524	complement(9132..9198)	complement(3568..3633)	complement(3436..3501)	4799..4865
Cristaphyes cryopygus	PX569133.1	35	YBW34773.1	YBW34768.1	YBW34767.1	YBW34772.1	YBW34774.1	YBW34777.1	YBW34769.1	YBW34770.1	YBW34775.1	YBW34778.1	YBW34771.1	YBW34779.1	YBW34776.1	1931..2513	3090..4000	6485..6545	12011..12073	7300..7369	11883..11944	6089..6148	5966..6028	1562..1624	2514..2573	13431..13492	9221..9285	1624..1685;2743..2803	2949..3011	9287..9344	1686..1744	6152..6210	1740..1800;2574..2626	6545..6604	11817..11880	11952..12011	2626..2690
Cubaia aphrodite	JN700942.1	17	AER54530.1	AER54529.1	AER54527.1	AER54528.1	AER54531.1	AER54539.1	AER54537.1	AER54532.1	AER54535.1	AER54538.1	AER54536.1	AER54533.1	AER54534.1	10185..11178	complement(939..2699)	-	-	-	-	-	-	-	-	-	-	-	-	6927..6997	-	-	-	-	5116..5186	-	-
Darwinula stevensoni	MW722935.1	34	XOL08691.1	XOL08690.1	-	XOL08689.1	XOL08692.1	XOL08698.1	XOL08699.1	XOL08700.1	XOL08693.1	XOL08695.1	XOL08696.1	XOL08694.1	XOL08697.1	complement(12255..12976)	complement(10950..12201)	4351..4411	4410..4473	4543..4606	2276..2340	complement(14973..15038)	complement(13772..13840)	4673..4734	3935..3998	complement(6480..6543)	13712..13774	1529..1593;complement(10914..10977)	4473..4540	13848..13917	complement(4733..4801)	complement(8237..8304)	4604..4671;9900..9964	8171..8236	14916..14980	complement(15040..15101)	complement(12195..12261)
Demospongiae sp.	PP971517.1	35	XCI16358.1	XCI16357.1	XCI16352.1	XCI16356.1	XCI16359.1	XCI16360.1	XCI16353.1	XCI16354.1	XCI16364.1	XCI16362.1	XCI16365.1	XCI16355.1	XCI16363.1	7082..8486	8696..11349	6690..6762	13748..13821;19832..19902	14984..15054	1722..1793	1810..1876	14743..14814	18712..18783	8487..8558	18576..18648	3135..3207	3003..3086;15085..15158	12600..12672	3216..3286;6801..6872;11701..11772	7009..7081	16955..17027	1613..1696;16828..16913	16377..16450	14883..14953	11578..11657	8602..8674
Diaphanosoma dubium	MG428405.1	35	AVP74678.1	AVP74677.1	AVP74675.1	AVP74676.1	AVP74679.1	AVP74685.1	AVP74686.1	AVP74674.1	AVP74680.1	AVP74682.1	AVP74683.1	AVP74681.1	AVP74684.1	complement(15186..15947)	complement(13749..15114)	7001..7063	7069..7135	1432..1495	4891..4954	complement(1284..1346)	complement(13522..13590)	complement(13600..13665)	6577..6639	complement(8957..9020)	7138..7202	4077..4142;complement(13705..13772)	4823..4891	13389..13452	complement(13456..13521)	complement(10706..10770)	103..160;12391..12459	10641..10705	1218..1282	complement(1353..1418)	complement(15115..15186)
Dibamus novaeguineae	FJ195390.1	32	ACH99448.1	ACH99447.1	ACH99445.1	ACH99446.1	ACH99449.1	ACH99455.1	ACH99443.1	ACH99444.1	ACH99450.1	ACH99452.1	ACH99451.1	ACH99453.1	ACH99454.1	22..960	1030..2562	complement(4925..4991)	9706..9774	complement(4992..5065)	6840..6910	complement(5093..5157)	complement(3680..3752)	complement(13997..14067)	9290..9359	11446..11514	3608..3679	2563..2637;11583..11654	7599..7664	3753..3820	-	-	complement(6769..6839);11517..11582	-	4856..4924	complement(5158..5227)	961..1029
Diplostomoidea sp. MSB para 30071	MN834120.1	33	QYC97731.1	-	QYC97733.1	QYC97734.1	QYC97730.1	QYC97737.1	QYC97740.1	-	QYC97741.1	QYC97739.1	QYC97738.1	QYC97736.1	QYC97735.1	2730..3484	1682..2664	12637..12700	4857..4917	13754..13815	12704..12768	2665..2729	10356..10418	6512..6577	6896..6961	7650..7714	13816..13881	4630..4695;4771..4835	13893..13963	11001..11068	10919..10982	13685..13745	4696..4762;14327..14386	1619..1681	14393..14456	4562..4625	12567..12630
Dollfustrema vaneyi	PP860916.1	33	XBQ65885.1	-	XBQ65889.1	XBQ65890.1	XBQ65881.1	XBQ65882.1	XBQ65887.1	XBQ65886.1	XBQ65888.1	XBQ65884.1	XBQ65883.1	XBQ65892.1	-	9467..10233	8449..9409	5041..5102	11538..11597	6062..6126	5103..5162	9408..9475	3352..3414	13189..13249	13251..13313	656..718	6192..6256	11341..11402;11472..11532	6267..6332	3492..3557	3419..3481	6127..6192	6702..6755;11405..11468	8387..8448	6758..6818	11276..11339	4981..5040
Dracogyra subfuscus	MW893457.1	35	UXG19114.1	UXG19113.1	UXG19115.1	UXG19112.1	UXG19118.1	UXG19108.1	UXG19106.1	UXG19116.1	UXG19117.1	UXG19110.1	UXG19109.1	UXG19111.1	UXG19107.1	519..1396	1444..2814	complement(14330..14396)	complement(14252..14321)	complement(14186..14251)	9903..9968	complement(15414..15475)	complement(15544..15616)	4444..4509	complement(15270..15334)	7407..7472	complement(14117..14185)	2790..2854;2863..2929	complement(14406..14472)	453..520	complement(10954..11020)	3875..3941	5658..5724;complement(13693..13759)	complement(10861..10932)	complement(15476..15542)	complement(15346..15413)	1389..1453
Echiniscus testudo	LC385650.1	35	BBE15725.1	BBE15724.1	BBE15722.1	BBE15723.1	BBE15726.1	BBE15732.1	BBE15733.1	BBE15734.1	BBE15727.1	BBE15729.1	BBE15730.1	BBE15728.1	BBE15731.1	complement(14026..14716)	complement(10475..11172)	4243..4304	4305..4362	4364..4426	2263..2324	complement(15704..15749)	complement(13902..13965)	4489..4552	3862..3923	complement(6194..6258)	complement(13843..13905)	complement(10393..10453);complement(10458..10512)	2205..2265	14681..14741	complement(4555..4614)	complement(7757..7819)	4424..4489;9443..9496	7831..7891	15650..15711	complement(15750..15810)	complement(13973..14026)
Echinoderes svetlanae	KU975552.1	35	APA17419.1	APA17414.1	APA17413.1	APA17418.1	APA17420.1	APA17423.1	APA17415.1	APA17416.1	APA17422.1	APA17424.1	APA17417.1	APA17425.1	APA17421.1	1987..2752	3438..4451	7149..7214	13285..13351	7977..8046	7083..7146	6646..6707	6435..6502	1848..1912	2764..2833	13426..13494	6572..6640	1913..1982;2986..3059	3229..3295	6499..6566;9666..9728	13352..13421	6717..6786	9600..9661;13136..13205	7221..7288	13496..13564	13212..13279	2915..2981
Echinorhynchus gadi	PV976760.1	34	XYE65914.1	-	XYE65912.1	XYE65921.1	XYE65922.1	XYE65919.1	XYE65920.1	XYE65923.1	XYE65915.1	XYE65917.1	XYE65916.1	XYE65918.1	XYE65913.1	14499..15078	1687..2608	16570..16622	16622..16677	16669..16723	3099..3151	15781..15832	1582..1633	8462..8515	1539..1591	10187..10237	14385..14438	2609..2662;11899..11951	8407..8467	14442..14498	15079..15131	11960..12012	8572..8624;16722..16776	8517..8571	4206..4266;4867..4927;6836..6896	1634..1686	6707..6766;8353..8412
Emplectonema gracile	JF727825.1	35	AEC12108.1	AEC12107.1	AEC12104.1	AEC12106.1	AEC12115.1	AEC12111.1	AEC12109.1	AEC12105.1	AEC12116.1	AEC12113.1	AEC12112.1	AEC12114.1	AEC12110.1	4570..5343	5411..6518	13903..13968	14112..14174	14176..14241	3508..3572	4443..4505	14043..14111	12928..12990	12991..13053	11075..11135	14244..14307	6512..6574;6585..6646	13836..13899	4506..4569	13969..14030	complement(7642..7705)	1730..1789;9298..9367	complement(9368..9430)	1561..1629	7576..7638	5344..5410
Enteromyxum leei	LN868201.1	2	-	-	-	-	-	-	-	-	-	-	-	CRX66570.1	-	-	876..3098	-	-	-	-	-	-	-	-	-	-	-	-	-	-	-	-	-	-	-	-
Eptatretus burgeri	AJ278504.1	35	CAC42107.1	CAC42106.1	CAC42104.1	CAC42105.1	CAC42108.1	CAC42114.1	CAC42102.1	CAC42103.1	CAC42109.1	CAC42111.1	CAC42110.1	CAC42112.1	CAC42113.1	14616..15474	15546..17091	complement(2289..2355)	7070..7134	complement(2356..2421)	4187..4252	complement(2422..2486)	complement(1028..1098)	complement(11293..11359)	6635..6701	8791..8855	957..1022	8919..8989;17092..17166	4937..5000	1103..1170	14546..14615	complement(12617..12687)	complement(4111..4181);8856..8916	12542..12611	2225..2289	complement(2495..2560)	15475..15545
Eptatretus carlhubbsi	OP057058.2	35	WNH24127.1	WNH24126.1	WNH24124.1	WNH24125.1	WNH24128.1	WNH24134.1	WNH24122.1	WNH24123.1	WNH24129.1	WNH24131.1	WNH24130.1	WNH24132.1	WNH24133.1	68..934	1006..2550	complement(4916..4979)	9693..9756	complement(4980..5045)	6808..6872	complement(5049..5113)	complement(3652..3723)	complement(13916..13984)	9259..9324	11414..11479	3583..3648	2551..2624;11542..11612	7559..7625	3728..3797	1..67	complement(15239..15309)	complement(6732..6802);11480..11539	15165..15232	4852..4916	complement(5119..5186)	935..1005
Ergasilus kandti	PQ276880.1	35	XLZ92373.1	XLZ92372.1	XLZ92368.1	XLZ92366.1	XLZ92369.1	XLZ92362.1	XLZ92365.1	XLZ92363.1	XLZ92367.1	XLZ92361.1	XLZ92371.1	XLZ92364.1	XLZ92370.1	3047..3666	216..1093	complement(14065..14122)	complement(13948..14002)	complement(6421..6482)	6199..6256	complement(13891..13948)	complement(10261..10322)	6255..6316	complement(2185..2243)	complement(14123..14180)	complement(14003..14063)	complement(2122..2183);complement(12485..12545)	complement(2054..2115)	6077..6139	complement(8509..8566)	6140..6202	complement(6309..6366);6367..6424	14358..14411	complement(7527..7586)	11286..11343	complement(3667..3724)
Erpetoichthys calabaricus	AY442348.1	35	AAR16108.1	AAR16107.1	AAR16105.1	AAR16106.1	AAR16109.1	AAR16115.1	AAR16103.1	AAR16104.1	AAR16110.1	AAR16112.1	AAR16111.1	AAR16113.1	AAR16114.1	72..1072	1144..2793	complement(5144..5212)	9961..10030	complement(5215..5287)	7083..7151	complement(5323..5388)	complement(3897..3967)	complement(14253..14321)	9545..9614	11702..11770	3828..3898	2794..2868;11839..11911	7846..7918	3967..4036	1..71	complement(15536..15605)	complement(7010..7080);11771..11836	15465..15535	5073..5142	complement(5390..5460)	1073..1143
Eucidaris tribuloides	MH614961.1	33	QEF30095.1	QEF30094.1	QEF30091.1	QEF30093.1	QEF30096.1	QEF30101.1	QEF30089.1	QEF30090.1	QEF30097.1	-	-	QEF30099.1	QEF30100.1	74..983	4333..5909	1562..1631	7470..7538	1419..1490	1940..2009	1705..1774	1345..1416	987..1055	2081..2148	12079..12147	3202..3273	1491..1562;2150..2222	8548..8617	1862..1933	1..73	1273..1342	10251..10320;12149..12217	1058..1129	1636..1704	2012..2081	1774..1843
Eurylepta cornuta	MF993334.1	29	-	-	-	AVP74417.1	AVP74416.1	-	-	AVP74414.1	AVP74413.1	-	AVP74415.1	AVP74412.1	AVP74411.1	11815..12604	1765..2735	15507..15569	11432..11495	6847..6917	5019..5083	11775..11837	5152..5213	2740..2803	1588..1648	8608..8670	6920..6982	2684..2745;5086..5145	5280..5342	14120..14181	11653..11717	5214..5276	3303..3364;5700..5763	8547..8606	15790..15852	11713..11774	15690..15752
Falcidens halanychi	MF568515.1	35	AWH02131.1	AWH02132.1	AWH02134.1	AWH02135.1	AWH02136.1	AWH02133.1	AWH02137.1	AWH02138.1	AWH02139.1	AWH02140.1	AWH02141.1	AWH02142.1	AWH02143.1	complement(9361..10154)	complement(10406..11560)	11686..11747	11747..11808	13133..13188	2221..2282	complement(10215..10275)	complement(10277..10343)	12182..12241	complement(12062..12122)	complement(4831..4890)	11810..11875	complement(9235..9295);complement(9296..9360)	13017..13075	complement(10155..10214)	complement(11877..11938)	8247..8307	complement(6582..6639);13075..13132	6523..6583	complement(11624..11684)	complement(10344..10405)	complement(11561..11621)
Flaccisagitta enflata	AP011547.1	14	-	-	BAI68191.1	BAI68181.1	BAI68185.1	BAI68189.1	BAI68182.1	BAI68184.1	BAI68183.1	BAI68186.1	BAI68188.1	BAI68187.1	BAI68190.1	3729..4348	9951..11059	-	-	-	-	-	-	-	-	-	-	-	-	3647..3728	-	-	-	-	-	-	-
Fregata minor	MZ681908.1	35	UFP92447.1	UFP92446.1	UFP92444.1	UFP92445.1	UFP92448.1	UFP92453.1	UFP92442.1	UFP92443.1	UFP92449.1	UFP92451.1	UFP92450.1	UFP92452.1	UFP92454.1	70..1045	1154..2708	complement(5108..5176)	9888..9958	complement(5179..5251)	7013..7081	complement(5257..5323)	complement(3858..3928)	complement(15510..15579)	9465..9533	11628..11697	3777..3848	2708..2781;11764..11834	7768..7838	3928..3997	1..70	complement(14907..14976)	complement(6937..7010);11698..11763	14815..14883	5037..5106	complement(5323..5393)	1045..1115
Geotria australis	OP781304.1	35	WAB46083.1	WAB46082.1	WAB46080.1	WAB46081.1	WAB46084.1	WAB46077.1	WAB46078.1	WAB46079.1	WAB46085.1	WAB46087.1	WAB46086.1	WAB46088.1	WAB46089.1	1332..2241	2313..3939	complement(6359..6427)	11170..11233	complement(6432..6500)	8269..8337	complement(6504..6570)	complement(5104..5174)	complement(16382..16452)	10742..10813	12907..12976	5033..5101	3940..4013;13047..13118	9040..9107	5178..5244	1263..1331	complement(1184..1254)	complement(8197..8267);12977..13045	16302..16373	6288..6355	complement(6580..6651)	2242..2312
Gephyroherpia sp.	PP333952.1	35	XGY06778.1	XGY06777.1	XGY06775.1	XGY06776.1	XGY06772.1	XGY06782.1	XGY06784.1	XGY06774.1	XGY06773.1	XGY06780.1	XGY06781.1	XGY06779.1	XGY06783.1	complement(14018..14747)	complement(12788..13953)	1072..1126	14422..14482	1129..1195	4916..4978	complement(14812..14874)	complement(15003..15077)	complement(15198..15261)	complement(15070..15134)	complement(8151..8211)	1008..1072	complement(12721..12787);complement(15140..15197)	146..210	complement(14748..14809)	5821..5883	5738..5799	1548..1609;complement(10172..10232)	5677..5745	complement(14941..15005)	complement(14878..14940)	complement(13954..14017)
Glycera capitata	KT989319.1	35	ALQ78795.1	ALQ78791.1	ALQ78789.1	ALQ78790.1	ALQ78792.1	ALQ78794.1	ALQ78799.1	ALQ78801.1	ALQ78800.1	ALQ78798.1	ALQ78797.1	ALQ78796.1	ALQ78793.1	9701..10509	10737..11760	11943..12008	5784..5847	1537..1599	2291..2355	9511..9572	3361..3429	7678..7740	9574..9636	5849..5912	13629..13693	11810..11873;12632..12694	13694..13759	9637..9701	7615..7677	7741..7803	11874..11939;14113..14180	7812..7875	5026..5089	2514..2577	10504..10567
Gononemertes parasita	KF572481.1	35	AGZ63900.1	AGZ63899.1	AGZ63896.1	AGZ63898.1	AGZ63894.1	AGZ63890.1	AGZ63901.1	AGZ63897.1	AGZ63895.1	AGZ63892.1	AGZ63891.1	AGZ63893.1	AGZ63889.1	11677..12513	12579..13686	6310..6373	6519..6583	6592..6657	10604..10668	11546..11612	6450..6518	5315..5381	5388..5451	3521..3590	6665..6729	13687..13750;13756..13818	6241..6309	11613..11676	6374..6439	complement(68..133)	1739..1797;8839..8905	complement(1798..1862)	8650..8718	1..66	12514..12578
Gordionus alpestris	MG257765.1	35	QDH52421.1	QDH52422.1	QDH52410.1	QDH52411.1	QDH52412.1	QDH52413.1	QDH52414.1	QDH52415.1	QDH52416.1	QDH52417.1	QDH52418.1	QDH52419.1	QDH52420.1	complement(12987..13691)	complement(11784..12918)	4497..4551	4546..4604	4609..4672	2369..2433	complement(13696..13752)	9588..9642	11654..11726	4068..4126	6383..6442	complement(13846..13900)	complement(11725..11784);complement(14826..14889)	2289..2359	complement(9354..9422)	8200..8260	complement(9832..9898)	4683..4740;11585..11638	9760..9828	complement(8285..8354)	9682..9739	complement(12918..12984)
Gordius sp. VVA-2019	MG257767.1	35	QDH52395.1	QDH52396.1	QDH52384.1	QDH52385.1	QDH52386.1	QDH52387.1	QDH52388.1	QDH52389.1	QDH52390.1	QDH52391.1	QDH52392.1	QDH52393.1	QDH52394.1	complement(12432..13111)	11303..12376	4432..4481	4500..4554	4557..4619	2306..2358	complement(13112..13165)	9123..9172	11163..11226	4012..4067	6329..6390	complement(13169..13224)	complement(11238..11302);complement(14160..14223)	2241..2303	complement(9061..9123)	8024..8083	complement(9298..9360)	4635..4687;11107..11162	9233..9298	complement(8088..8151)	9173..9228	complement(12377..12431)
Gyrodactylus derjavinoides	EU293891.1	34	ABX59339.1	-	ABX59340.1	ABX59341.1	ABX59348.1	ABX59342.1	ABX59338.1	ABX59343.1	ABX59349.1	ABX59344.1	ABX59345.1	ABX59346.1	ABX59347.1	9924..10629	8902..9862	5472..5542	13046..13112	6540..6617	5545..5610	9864..9923	12020..12085	11323..11394	14674..14737	640..702	6662..6731	11953..12019;12977..13045	6732..6795	12089..12152	3217..3282	6625..6682	7149..7209;12908..12981	8845..8901	7213..7277	11886..11952	5404..5466
Halichondria sp. 'urca'	PQ568938.1	28	-	-	-	XXK92817.1	XXK92820.1	-	-	-	XXK92825.1	-	XXK92826.1	XXK92830.1	XXK92824.1	17217..18440	1..2436	16913..16985	9938..10008	5468..5539	9500..9563	12118..12191	5308..5379	8857..8929	18441..18512	8770..8841	13259..13332	13168..13251	3348..3420	complement(2532..2603);13333..13403;complement(17017..17088)	17143..17215	7225..7297	4438..4510;7147..7221;12033..12115	6748..6820	5397..5467	2454..2525	18516..18585
Haliclystus antarcticus	KU947038.1	20	ANH09484.1	ANH09485.1	ANH09487.1	ANH09488.1	ANH09489.1	ANH09486.1	ANH09490.1	ANH09491.1	ANH09492.1	ANH09493.1	ANH09494.1	ANH09495.1	ANH09496.1	11208..12124	complement(1952..3782)	-	-	-	-	-	-	-	-	-	-	complement(1157..1224)	-	7982..8050	complement(12625..12687)	-	complement(15690..15749)	-	6205..6275	-	-
Haliclystus sanjuanensis	JN700944.1	16	AER54558.1	AER54557.1	AER54555.1	AER54556.1	AER54559.1	-	AER54565.1	AER54560.1	AER54563.1	AER54566.1	AER54564.1	AER54561.1	AER54562.1	10851..11761	complement(1594..3423)	-	-	-	-	-	-	-	-	-	-	-	-	7623..7691	-	-	-	-	5846..5916	-	-
Halicryptus spinulosus	FN689349.1	34	CBK55557.1	CBK55556.1	CBK55554.1	CBK55555.1	CBK55558.1	CBK55561.1	CBK55560.1	CBK55566.1	CBK55559.1	CBK55564.1	CBK55563.1	CBK55565.1	CBK55562.1	-	5415..6728	4401..4466	4470..4538	4534..4600	2307..2372	complement(14612..14676)	complement(13380..13445)	complement(13185..13250)	3983..4048	11325..11389	13316..13382	6729..6794;6795..6862	2239..2307	13447..13515	13122..13186	9520..9576	complement(7824..7893)	complement(9586..9649)	14545..14612	complement(14687..14732)	5348..5414
Halitholus cirratus	KT809337.1	15	ALO20834.1	ALO20838.1	-	ALO20833.1	ALO20832.1	ALO20829.1	ALO20830.1	ALO20828.1	ALO20836.1	ALO20827.1	ALO20837.1	ALO20826.1	ALO20835.1	7481..8405	-	-	-	-	-	-	-	-	-	-	-	-	-	4210..4280	-	-	-	-	2429..2498	-	-
Halocynthia roretzi	AB024528.1	34	BAA88261.1	-	BAA88250.1	BAA88256.1	BAA88254.1	BAA88257.1	BAA88260.1	BAA88258.1	BAA88251.1	BAA88252.1	BAA88255.1	BAA88259.1	BAA88253.1	6058..6763	11989..13165	2068..2132	9979..10041	4544..4611	4740..4804	5917..5998	10046..10113	8770..8835	3782..3847;4644..4694	9840..9905	8702..8764	4471..4534;10122..10188	5990..6057	11926..11988	3696..3757	2141..2203	9911..9978;14701..14771	3852..3919	8629..8698	8545..8612	3625..3691
Hebesoma violentum	KC415004.1	31	AHB82304.1	-	AHB82302.1	AHB82311.1	AHB82312.1	AHB82309.1	AHB82310.1	AHB82313.1	AHB82305.1	AHB82307.1	AHB82306.1	AHB82308.1	AHB82303.1	10361..10947	-	12396..12455	12455..12507	12509..12558	3040..3090	11609..11659	1591..1655	10238..10295	1537..1590	6278..6335	9882..9931	2477..2535	4662..4716	10302..10360	10948..11000	7961..8021	3152..3207;10051..10115	-	-	1661..1710	4115..4169
Heterocypris spadix	LC626010.1	20	-	-	-	-	-	-	-	-	-	-	-	-	-	-	-	11465..11525	11593..11658	11659..11723	9384..9447	complement(6966..7027)	complement(5760..5828)	11779..11842	11050..11112	complement(13594..13655)	5682..5745	complement(2849..2913);8639..8701	11526..11592	5831..5895	complement(11844..11905)	complement(150..213)	1837..1901;11721..11778	86..149	6909..6973	complement(7041..7106)	complement(4057..4117)
Hoilungia sp. H23	MT957399.1	34	QOU12308.1	-	QOU12311.1	QOU12322.1	QOU12313.1	QOU12318.1	QOU12316.1	QOU12315.1	QOU12323.1	QOU12320.1	QOU12317.1	QOU12314.1	QOU12310.1	18647..20302	join(1..974,14854..15631,16442..17413,18179..18517)	32256..32327	980..1050;2519..2589	complement(3893..3965)	2320..2392	20500..20571	22627..22698	complement(30191..30261)	complement(5383..5453)	complement(9786..9856)	22331..22403	2163..2245;32393..32466	complement(4143..4215)	complement(5306..5378);22522..22592	complement(9908..9979)	20672..20742	complement(3987..4078);5197..5287	5117..5190	1944..2014	22739..22818	31417..31487
Hoilungia sp. H24	MT957400.1	34	QOU12324.1	-	QOU12326.1	QOU12338.1	QOU12330.1	QOU12335.1	QOU12333.1	QOU12332.1	QOU12339.1	QOU12336.1	QOU12334.1	QOU12331.1	QOU12325.1	19186..20886	join(1..982,16977..19022)	32833..32904	1064..1134;2445..2515	complement(3558..3630)	2237..2309	21008..21079	23704..23775	complement(30772..30842)	complement(5052..5122)	complement(11870..11940)	23407..23479	2106..2187;32960..33033	4598..4670	complement(4975..5047);23600..23670	complement(11991..12062)	21306..21376	complement(3653..3744);4862..4952	complement(3782..3855)	1999..2069	23803..23882	32121..32191
Holothuria forskali	FN562582.1	35	CBH40183.1	CBH40182.1	CBH40179.1	CBH40181.1	CBH40184.1	CBH40176.1	CBH40177.1	CBH40178.1	CBH40185.1	CBH40186.1	CBH40180.1	CBH40174.1	CBH40175.1	3569..4398	8014..9590	complement(5237..5304)	11166..11232	5095..5165	complement(5606..5674)	5373..5434	complement(5025..5094)	4399..4468	5762..5829	15706..15772	6902..6969	5166..5237;5836..5906	12219..12284	5531..5599	3498..3568	4961..5028	complement(13910..13980);15773..15841	4470..4539	5305..5372	5677..5744	complement(5439..5508)
Holothuroidea sp.	PP977507.1	35	XCI16317.1	XCI16316.1	XCI16313.1	XCI16315.1	XCI16318.1	XCI16322.1	XCI16324.1	XCI16325.1	XCI16319.1	XCI16320.1	XCI16314.1	XCI16321.1	XCI16323.1	9326..10159	14504..15933	complement(10873..10939)	1553..1618	10330..10398	12258..12325	12190..12256	complement(10711..10780)	10158..10224	10611..10675	6118..6186	13389..13456	10804..10873;12321..12391	2605..2668	11456..11524	9257..9327	complement(12010..12075)	4303..4373;6188..6254	10225..10294	12121..12189	10543..10608	10431..10500
Huso dauricus	MK078264.1	35	QUG09777.1	QUG09776.1	QUG09774.1	QUG09775.1	QUG09778.1	QUG09784.1	QUG09772.1	QUG09773.1	QUG09779.1	QUG09781.1	QUG09780.1	QUG09782.1	QUG09783.1	69..1027	1099..2799	complement(5187..5254)	10042..10111	complement(5257..5329)	7142..7213	complement(5363..5429)	complement(3928..3998)	complement(14353..14422)	9620..9692	11783..11851	3858..3928	2800..2873;11920..11992	7916..7992	3998..4067	1..68	complement(15642..15711)	complement(7063..7133);11852..11919	15566..15638	5113..5185	complement(5430..5500)	1028..1098
Hutchinsoniella macracantha	AY456189.1	35	AAS00872.1	AAS00871.1	AAS00869.1	AAS00870.1	AAS00873.1	AAS00879.1	AAS00880.1	AAS00868.1	AAS00874.1	AAS00876.1	AAS00877.1	AAS00875.1	AAS00878.1	complement(14375..15156)	complement(12868..14191)	6170..6236	6236..6298	6365..6432	74..137	complement(15345..15409)	complement(15472..15541)	6504..6568	5085..5151	complement(8372..8433)	complement(15157..15222)	complement(12803..12867);complement(15287..15347)	6300..6362	complement(15221..15286)	complement(6568..6635)	complement(10063..10128)	2..69;6432..6503	10128..10191	complement(15543..15609)	complement(15409..15471)	complement(14192..14256)
Hydrolagus affinis	MT090368.1	35	QIQ47556.1	QIQ47555.1	QIQ47553.1	QIQ47554.1	QIQ47557.1	QIQ47563.1	QIQ47551.1	QIQ47552.1	QIQ47558.1	QIQ47560.1	QIQ47559.1	QIQ47561.1	QIQ47562.1	1539..2494	2563..4227	complement(6610..6669)	11427..11497	complement(6670..6744)	8547..8617	complement(6785..6852)	complement(5348..5420)	complement(15717..15786)	11009..11077	13162..13230	5279..5350	4227..4303;13300..13371	9308..9382	5420..5488	1470..1538	complement(1..69)	complement(8468..8539);13232..13299	16933..17003	6531..6599	complement(6852..6919)	2491..2564
Hydrozoanthus gracilis	MN873589.1	16	QIB71105.1	QIB71109.1	QIB71098.1	QIB71104.1	QIB71103.1	QIB71100.1	QIB71102.1	QIB71101.1	QIB71107.1	QIB71099.1	QIB71108.1	QIB71097.1	QIB71106.1	4499..5683	7623..10305	-	-	-	-	-	-	-	-	-	-	-	-	7512..7582	-	-	-	-	-	-	-
Hyocrinidae sp.	OQ721985.1	35	WNS59356.1	WNS59355.1	WNS59352.1	WNS59354.1	WNS59357.1	WNS59349.1	WNS59351.1	WNS59350.1	WNS59358.1	WNS59359.1	WNS59353.1	WNS59360.1	WNS59348.1	complement(2950..3811)	complement(4006..5529)	complement(2145..2213)	9347..9415	1998..2069	complement(2516..2583)	2286..2353	complement(1925..1995)	complement(2877..2945)	complement(3959..4026)	13945..14015	complement(6669..6739)	2073..2144;complement(3886..3957)	10407..10472	2437..2508	complement(3811..3882)	1854..1922	complement(12118..12188);14017..14083	complement(2806..2875)	2217..2285	complement(5556..5623)	complement(2353..2423)
Idmidronea atlantica	OR460723.1	27	XNJ74257.1	-	-	-	XNJ74262.1	XNJ74260.1	XNJ74261.1	XNJ74256.1	XNJ74255.1	XNJ74263.1	XNJ74258.1	-	XNJ74259.1	2809..3578	4894..6146	10088..10140	689..746	632..688	-	11368..11417	2748..2808	complement(6496..6564)	9270..9324	complement(520..575)	2671..2730	-	-	8187..8245	complement(7007..7067)	6204..6256	complement(6145..6197)	578..633	9210..9269	complement(8251..8305)	-
Isohypsibioidea sp. MV2024	PV030524.1	35	XNT19070.1	XNT19069.1	XNT19067.1	XNT19068.1	XNT19071.1	XNT19077.1	XNT19078.1	XNT19079.1	XNT19072.1	XNT19074.1	XNT19075.1	XNT19073.1	XNT19076.1	complement(13096..13810)	complement(11927..13038)	4346..4407	4410..4472	4476..4536	2283..2345	complement(14920..14980)	complement(13811..13877)	4602..4664	3945..4005	complement(6352..6411)	complement(10703..10765)	complement(10637..10702);complement(10761..10823)	2220..2282	13874..13937	complement(4663..4726)	complement(8061..8119)	4537..4595;9684..9738	7998..8060	14864..14927	complement(14980..15033)	complement(13040..13095)
Krakenella greenlandica	PX569134.1	35	YBW34786.1	YBW34781.1	YBW34780.1	YBW34785.1	YBW34787.1	YBW34790.1	YBW34782.1	YBW34783.1	YBW34788.1	YBW34791.1	YBW34784.1	YBW34792.1	YBW34789.1	2013..2602	3125..4024	6583..6644	12708..12768	7420..7485	12556..12619	6183..6243	6021..6086	1561..1623	2603..2661	14122..14184	9326..9390	1691..1753;2776..2836	2982..3049	9391..9450	1754..1815	6248..6304	1812..1873;2661..2716	6647..6706	12490..12551	12635..12694	2715..2775
Laevipilina antarctica	KY244020.1	35	APQ42964.1	APQ42965.1	APQ42967.1	APQ42966.1	APQ42957.1	APQ42960.1	APQ42958.1	APQ42968.1	APQ42956.1	APQ42962.1	APQ42961.1	APQ42963.1	APQ42959.1	3149..4009	4046..5412	complement(1190..1254)	complement(1256..1320)	2944..3007	2672..2733	complement(428..488)	10290..10357	2500..2562	complement(2254..2317)	10368..10429	complement(1326..1392)	5355..5420;5425..5489	2874..2940	3085..3149	12166..12229	6444..6508	complement(552..613);8538..8602	complement(14243..14306)	2568..2634	2812..2873	4008..4069
Lamellodiscus spari	MH328204.1	31	AXR86360.1	-	AXR86352.1	AXR86353.1	AXR86356.1	AXR86357.1	AXR86362.1	-	AXR86363.1	AXR86359.1	AXR86358.1	AXR86355.1	AXR86354.1	2599..3335	1642..2593	12817..12878	4725..4789	13909..13971	12880..12941	-	11313..11375	4051..4118	-	8619..8682	14056..14123	3920..3985;4584..4648	14130..14197	11389..11453	11173..11237	13978..14044	3985..4050	1581..1641	14549..14614	4662..4727	12944..13010
Laqueus japonicus	MG520333.1	34	AYI69523.1	AYI69529.1	-	AYI69531.1	AYI69528.1	AYI69522.1	AYI69532.1	AYI69530.1	AYI69526.1	AYI69533.1	AYI69527.1	AYI69524.1	AYI69525.1	10841..11614	9687..10808	5467..5527	6439..6492	14208..14267	7817..7877	14093..14153	3666..3728	6549..6608	6979..7039	2703..2762	5993..6046	9634..9688;11678..11738	6607..6666	11615..11677	6492..6551	11739..11798	6670..6720;8031..8088	6383..6439	3729..3789	12686..12746	1540..1599
Leiopelma archeyi	HM142901.1	35	ADG85495.1	ADG85494.1	ADG85492.1	ADG85493.1	ADG85496.1	ADG85501.1	ADG85490.1	ADG85491.1	ADG85497.1	ADG85499.1	ADG85498.1	ADG85500.1	ADG85502.1	70..1018	1088..2696	complement(5064..5132)	9858..9926	complement(5134..5206)	6986..7054	complement(5233..5295)	complement(3810..3880)	complement(16209..16277)	9438..9508	11595..11662	3740..3809	2697..2771;11731..11803	7745..7814	3880..3948	1..69	complement(16295..16362)	complement(6912..6982);11663..11730	14778..14850	4994..5062	complement(5295..5361)	1019..1087
Leptestheria brevirostris	MN548772.1	35	QOQ37309.1	QOQ37308.1	QOQ37306.1	QOQ37307.1	QOQ37310.1	QOQ37315.1	QOQ37316.1	QOQ37305.1	QOQ37311.1	QOQ37312.1	QOQ37313.1	QOQ37317.1	QOQ37314.1	complement(14757..15512)	complement(13403..14669)	6613..6673	6674..6736	6748..6821	4514..4578	complement(2026..2087)	complement(825..893)	6887..6951	6197..6259	complement(8738..8802)	763..827	3692..3761;complement(13311..13374)	4446..4513	894..957	complement(6957..7023)	complement(10566..10629)	6822..6886;12264..12333	10501..10565	1960..2026	complement(2089..2155)	complement(14687..14757)
Limulus polyphemus	JX983598.1	34	AFY64344.1	AFY64345.1	-	AFY64346.1	AFY64343.1	AFY64350.1	AFY64349.1	AFY64348.1	AFY64342.1	AFY64353.1	AFY64352.1	AFY64341.1	AFY64351.1	7971..8769	8839..10136	complement(1773..1839)	complement(1707..1769)	complement(1641..1707)	complement(3855..3919)	6277..6340	7492..7557	complement(1511..1576)	complement(2184..2247)	14651..14719	complement(7556..7622)	10137..10205;10206..10271	complement(3920..3989)	complement(7423..7492)	1447..1512	12883..12949	complement(1576..1641);complement(11214..11286)	complement(12951..13016)	complement(6340..6407)	complement(6209..6275)	8770..8838
Lingula anatina	AB178773.1	35	BAD69577.1	BAD69575.1;BAD69576.1	BAD69570.1	BAD69571.1	BAD69583.1	BAD69574.1	BAD69579.1	BAD69572.1	BAD69580.1	BAD69582.1	BAD69573.1	BAD69581.1	BAD69578.1	10682..11952	20444..21908	4039..4104	1872..1939	21991..22060	1802..1868	28745..28813	4639..4706;7139..7206	21909..21976	22677..22743	22761..22826	20302..20372	1731..1798;4458..4524	6899..6968	4560..4631;6112..6183;7060..7131;9727..9798	26277..26341	11953..12021	10413..10464;14465..14543	10613..10681	26356..26425	20377..20443	6212..6278;9827..9893
Lingula reevei	OR906209.1	33	WQG15352.1	-	WQG15345.1	WQG15350.1	WQG15346.1	WQG15349.1	WQG15351.1	WQG15348.1	WQG15355.1	WQG15347.1	WQG15353.1	WQG15356.1	WQG15354.1	1813..3076	6018..7451	13473..13538	18089..18155	8536..8602	10745..10810	12793..12857;16128..16193	1747..1812	14929..15000	18869..18934	5860..5926	-	14688..14754;14850..14916	18797..18863	10673..10738;13228..13293	5781..5844	14777..14845;15754..15821	3077..3147;11814..11881;16799..16869	20605..20674	5950..6017;13315..13383	7452..7519	13394..13460
Longidorus vineacola	KU746818.1	34	AOT84231.1	-	AOT84229.1	AOT84232.1	AOT84233.1	AOT84238.1	AOT84235.1	AOT84234.1	AOT84240.1	AOT84230.1	AOT84239.1	AOT84237.1	AOT84236.1	complement(7715..8260)	complement(5888..6613)	complement(4264..4316)	complement(4323..4374)	3205..3260	7634..7714	complement(13459..13505)	complement(8355..8405)	13358..13411	9283..9334	complement(3392..3443)	complement(7578..7628)	complement(5827..5887);complement(6677..6734)	complement(11387..11454)	complement(6614..6675)	4087..4139	complement(8261..8313)	2791..2838;13408..13460	5774..5826	complement(1539..1592)	complement(12616..12665)	complement(9336..9387)
Lophophysema eversa	KM035411.1	34	AIE43806.1	-	AIE43803.1	AIE43804.1	AIE43807.1	AIE43811.1	AIE43810.1	AIE43808.1	AIE43814.1	AIE43812.1	AIE43805.1	AIE43809.1	AIE43813.1	1853..2907;1953..2907	4042..5668	17704..17773	14094..14162	12715..12783	2907..2971	11137..11201	1881..1951	16509..16574	3241..3309	15575..15644	12541..12609	6065..6136;18306..18377	12323..12395	3169..3240	11066..11136	14028..14093	5642..5710;13936..14007	2976..3042	16417..16486	12646..12714	5740..5809;16234..16300
Lumbriculus variegatus	OM062609.1	35	UZT67752.1	UZT67750.1	UZT67748.1	UZT67749.1	UZT67751.1	UZT67740.1	UZT67745.1	UZT67747.1	UZT67746.1	UZT67744.1	UZT67743.1	UZT67742.1	UZT67741.1	6775..7503	7569..8759	8829..8888	1583..1646	13116..13176	13864..13926	6643..6707	1987..2050	4808..4868	14086..14146	1647..1714	10029..10091	8760..8826;8970..9032	10092..10155	6712..6774	4729..4790	4870..4932	8889..8954;10530..10585	4933..5001	14943..15007	2194..2257;2857..2928	7504..7568
Macracanthorhynchus hirudinaceus	FR856886.2	34	CCA94493.2	-	CCA94491.2	CCA94499.2	CCA94500.2	CCA94495.2	CCA94494.2	CCA94502.2	CCA94501.2	CCA94497.2	CCA94496.2	CCA94498.2	CCA94492.2	10969..11601	1717..2658	13150..13202	13202..13262	13259..13314	3147..3199	12329..12382	1589..1650	4820..4874	1535..1588	6523..6577	10419..10478	2659..2716;8217..8275	4768..4818	10910..10968	11602..11655	8276..8330	4930..4986;13310..13376	4875..4929	4184..4246	1651..1716	4705..4767
Macrauchenia sp. MW-2017	KY611394.1	28	ARA69017.1	-	-	-	ARA69019.1	-	ARA69014.1	ARA69012.1	ARA69018.1	ARA69021.1	ARA69020.1	ARA69022.1	-	236..589	1277..2857	complement(5221..5290)	10022..10090	complement(5292..5364)	-	complement(5399..5465)	complement(3959..4031)	-	9605..9674	11759..11827	3893..3961	2859..2933;11887..11963	7910..7978	4033..4101	168..235	complement(15574..15639)	complement(7079..7147);11828..11886	15504..15573	5144..5212	5466..5531	1212..1276
Macrostomum lignano	MF078637.1	26	-	-	-	-	-	-	-	ARW59245.1	-	-	ARW59246.1	ARW59248.1	ARW59243.1	11450..12188	2969..3835	7273..7334	11449..11508	13760..13819	11391..11448	13941..13999	2721..2775	3906..3965	7335..7395	2661..2720	9072..9133	13881..13940	8069..8121	7213..7272	8122..8183	2897..2959	3963..4015;9390..9443	2838..2896	2776..2837	13819..13880	3846..3905
Metapenaeus ensis	MK500697.1	34	QID77068.1	QID77067.1	-	QID77066.1	QID77069.1	QID77075.1	QID77076.1	QID77064.1	QID77070.1	QID77072.1	QID77073.1	QID77071.1	QID77074.1	complement(14092..14955)	complement(12657..13984)	5923..5987	5988..6052	6053..6119	3811..3882	complement(1310..1375)	complement(75..143)	6187..6255	5504..5570	complement(8072..8138)	1..67	2978..3042;complement(12589..12656)	3735..3803	165..232	complement(6273..6338)	complement(9841..9907)	6120..6186;11559..11628	9775..9840	1233..1301	complement(1378..1443)	complement(14021..14092)
Metaperipatus inae	EF624055.1	35	ABQ95560.1	ABQ95559.1	ABQ95564.1	ABQ95558.1	ABQ95565.1	ABQ95570.1	ABQ95562.1	ABQ95563.1	ABQ95566.1	ABQ95561.1	ABQ95567.1	ABQ95568.1	ABQ95569.1	complement(14540..15125)	complement(9625..10913)	9242..9307	complement(4600..4670)	4537..4613	5111..5171	5038..5098	5186..5248	10987..11044	10799..10866	10865..10932	4070..4143	complement(4003..4073);complement(9558..9620)	12791..12858	5350..5426	10922..10976	complement(3012..3095)	complement(8047..8106);14478..14554	7995..8055	15263..15328	10712..10776	1563..1624
Mnemiopsis leidyi	JF760210.1	13	-	-	AEE60334.1	AEE60337.1	AEE60335.1	AEE60343.1	AEE60342.1	AEE60339.1	AEE60336.1	AEE60338.1	AEE60340.1	AEE60341.1	AEE60344.1	3153..3520	3521..4398	-	-	-	-	-	-	-	-	-	-	-	-	-	-	-	-	-	-	-	-
Moniliformis sp.	OP413683.1	34	WNX93932.1	-	WNX93931.1	WNX93939.1	WNX93940.1	WNX93937.1	WNX93938.1	WNX93941.1	WNX93933.1	WNX93935.1	WNX93934.1	WNX93936.1	WNX93930.1	10837..11472	1713..2672	13019..13073	13072..13132	13131..13178	3162..3215	12195..12249	1595..1658	4813..4867	1535..1594	6512..6565	10350..10410	2673..2731;8206..8265	4762..4816	10778..10836	11473..11527	8266..8318	4924..4980;13179..13243	4867..4940	4204..4264	1659..1712	4701..4759
Mordacia mordax	NC_069307.1	35	YP_010587539.1	YP_010587538.1	YP_010587536.1	YP_010587537.1	YP_010587540.1	YP_010587533.1	YP_010587534.1	YP_010587535.1	YP_010587541.1	YP_010587543.1	YP_010587542.1	YP_010587544.1	YP_010587545.1	1796..2696	2768..4377	complement(6757..6826)	11619..11682	complement(6828..6895)	8728..8796	complement(6896..6960)	complement(5495..5565)	complement(16855..16925)	11190..11258	13349..13417	5427..5495	4378..4451;13487..13557	9493..9558	5567..5636	1729..1795	complement(1653..1723)	complement(8583..8653);13418..13485	16749..16821	6688..6754	complement(6964..7035)	2697..2767
Myxine fernholmi	MK950150.1	35	UKB88180.1	UKB88179.1	UKB88177.1	UKB88178.1	UKB88181.1	UKB88187.1	UKB88175.1	UKB88176.1	UKB88182.1	UKB88184.1	UKB88183.1	UKB88185.1	UKB88186.1	201..924	998..2550	complement(4915..4978)	9690..9755	complement(4981..5046)	6805..6870	complement(5047..5112)	complement(3652..3722)	13915..13980	9252..9318	11413..11476	3583..3650	2551..2624;11539..11609	7555..7619	3727..3795	1..67	complement(15228..15293)	complement(6731..6801);11477..11537	15159..15224	4851..4915	complement(5117..5182)	929..997
Nanomia bijuga	OQ957196.1	16	WJJ70222.1	-	WJJ70232.1	WJJ70221.1	WJJ70223.1	WJJ70231.1	WJJ70229.1	WJJ70224.1	WJJ70227.1	WJJ70230.1	WJJ70228.1	WJJ70225.1	WJJ70226.1	7309..8178	complement(72..1611)	-	-	-	-	-	-	-	-	-	-	-	-	3998..4068	-	-	-	-	8172..8241	-	-
Nesomachilis australica	AY793551.1	35	AAV50267.1	AAV50266.1	AAV50264.1	AAV50265.1	AAV50268.1	AAV50274.1	AAV50275.1	AAV50263.1	AAV50269.1	AAV50271.1	AAV50272.1	AAV50270.1	AAV50273.1	complement(14057..14891)	complement(12671..13984)	5937..5997	5999..6061	6062..6193	3826..3891	complement(1330..1397)	complement(64..132)	6194..6257	5516..5579	complement(8074..8143)	1..66	2998..3064;complement(12610..12670)	3756..3826	138..205	complement(6269..6335)	complement(9856..9921)	11576..11645	9791..9855	1261..1326	complement(1399..1464)	complement(13985..14056)
Nierstraszella lineata	MN864055.1	35	QIZ12571.1	QIZ12572.1	QIZ12573.1	QIZ12574.1	QIZ12575.1	QIZ12576.1	QIZ12577.1	QIZ12578.1	QIZ12579.1	QIZ12580.1	QIZ12581.1	QIZ12582.1	QIZ12583.1	complement(11829..12659)	complement(10489..11765)	14071..14135	14136..14196	14193..14257	2232..2296	complement(12725..12787)	complement(12916..12986)	complement(13054..13120)	complement(12988..13051)	complement(5898..5958)	14259..14323	complement(10357..10423);complement(10424..10488)	14010..14072	complement(12660..12724)	3161..3225	9381..9445	complement(7677..7744);14680..14747	7616..7676	complement(12855..12917)	complement(12787..12851)	complement(11766..11828)
Octolasmis warwickii	OM009262.1	35	UWM12951.1	UWM12950.1	UWM12948.1	UWM12949.1	UWM12952.1	UWM12945.1	UWM12946.1	UWM12947.1	UWM12953.1	UWM12955.1	UWM12956.1	UWM12954.1	UWM12944.1	complement(4337..5081)	complement(2981..4273)	11279..11332	11152..11216	11216..11278	8260..8324	complement(1935..1996)	complement(13400..13464)	11333..11399	10737..10799	complement(13272..13336)	complement(1805..1869)	complement(2913..2980);8196..8263	complement(13338..13399)	5523..5587	complement(11470..11532)	complement(15092..15153)	1718..1787;11401..11456	3..66	6582..6646	complement(1870..1927)	complement(4274..4336)
Oikopleura dioica	OZ035851.1	11	CAL1671441.1	-	CAL1671438.1	CAL1671442.1	CAL1671436.1	CAL1671440.1	CAL1671437.1	-	-	CAL1671435.1	-	CAL1671443.1	-	complement(join(13064..13225,13243..13295))	complement(join(13..26,52..69,94..303))	-	-	-	-	-	-	-	-	-	-	-	-	join(4671..4692,4717..4763)	-	-	-	-	-	-	-
Oncicola luehei	JN710452.1	33	AER42896.1	-	AER42893.1	AER42902.1	AER42903.1	AER42900.1	AER42901.1	AER42904.1	AER42897.1	-	AER42898.1	AER42899.1	AER42894.1	11047..11599	1713..2662	13149..13203	13198..13255	13322..13377	3151..3203	12326..12379	1589..1650	4814..4874	1535..1588	6520..6574	10419..10478	2663..2719;8217..8276	4391..4451	10908..10966	11600..11652	8277..8330	3219..3274;10508..10576	4949..5001	4195..4255	1658..1712	4704..4762
Ophiocoma scolopendrina	ON101248.1	35	WYA87154.1	WYA87153.1	WYA87150.1	WYA87152.1	WYA87155.1	WYA87160.1	WYA87149.1	WYA87148.1	WYA87156.1	WYA87157.1	WYA87151.1	WYA87158.1	WYA87159.1	complement(14250..15156)	complement(12703..14083)	complement(12505..12569)	4244..4311	complement(2211..2282)	complement(16454..16518)	2352..2415	2281..2351	complement(12574..12640)	complement(12641..12705)	8814..8884	complement(1060..1128)	complement(2136..2208);complement(14110..14179)	5313..5384	complement(12352..12420)	complement(15159..15230)	complement(14183..14249)	complement(7028..7099);8886..8954	complement(15241..15307)	2582..2648	complement(2504..2571)	complement(2419..2488)
Ophioleila elegans	OQ207673.2	35	WED07067.1	WED07066.1	WED07063.1	WED07065.1	WED07068.1	WED07073.1	WED07075.1	WED07074.1	WED07069.1	WED07070.1	WED07064.1	WED07071.1	WED07072.1	complement(11438..12336)	complement(9838..11232)	complement(9619..9688)	1604..1668	complement(15926..15997)	complement(13660..13728)	16068..16138	15996..16066	complement(9695..9762)	complement(9765..9837)	6193..6264	complement(14785..14856)	complement(11288..11359);complement(15848..15920)	2665..2737	complement(9542..9614)	complement(12341..12416)	complement(11367..11433)	complement(4386..4457);6266..6333	complement(12448..12514)	16310..16376	complement(16224..16294)	complement(16152..16221)
Orchidasma orchilobata	PV558786.1	34	XRQ88127.1	-	XRQ88131.1	XRQ88132.1	XRQ88123.1	XRQ88124.1	XRQ88129.1	XRQ88128.1	XRQ88130.1	XRQ88126.1	XRQ88125.1	XRQ88134.1	XRQ88133.1	9521..10242	8469..9490	5055..5118	11573..11637	6098..6165	5124..5185	9457..9520	3390..3450	13217..13279	14411..14480	679..749	6233..6298	11382..11441;11510..11571	6314..6383	3523..3591	3465..3533	6166..6225	6747..6803;11438..11508	8418..8486	6806..6869	11314..11375	4976..5037
Oroperipatus sp. DVL-2011	JF800076.1	32	AEK48376.1	AEK48375.1	AEK48373.1	AEK48374.1	AEK48377.1	AEK48379.1	-	AEK48385.1	AEK48378.1	-	AEK48383.1	AEK48381.1	AEK48382.1	complement(9949..10624)	10526..11631	8505..8552	4227..4263	8553..8585	2211..2254	-	complement(13450..13499)	9006..9052	complement(13307..13358)	6491..6530	8586..8645	complement(6382..6424);complement(9920..9965)	8401..8448	complement(13410..13453)	8248..8285	11632..11672	complement(4269..4321);complement(8284..8332)	complement(6462..6494)	complement(13359..13409)	8315..8357	complement(6425..6461)
Oscarella sp. violet	JX963639.1	35	AFX73460.1	AFX73461.1	AFX73463.1	AFX73464.1	AFX73459.1	AFX73453.1	AFX73462.1	AFX73451.1	AFX73455.1	AFX73457.1	AFX73454.1	AFX73452.1	AFX73456.1	complement(12696..13974)	1..2514	complement(8889..8962)	complement(9321..9391);complement(15041..15113)	3356..3427	complement(17510..17579)	complement(17417..17488)	3280..3350	complement(10436..10507)	3871..3941	complement(10509..10582)	3518..3590;3608..3680	3784..3858;7519..7591	complement(17342..17414)	3962..4032;complement(8816..8887)	complement(14030..14102)	complement(12102..12174)	complement(12182..12267);complement(17619..17703)	complement(12623..12695);complement(16223..16295)	3437..3507	3683..3765	complement(16101..16172);20193..20264
Ozobranchus jantseanus	OR551454.1	35	WOA02268.1	WOA02264.1	WOA02262.1	WOA02263.1	WOA02265.1	WOA02267.1	WOA02259.1	WOA02261.1	WOA02260.1	WOA02258.1	WOA02257.1	WOA02256.1	WOA02266.1	3838..4579	4650..5823	5932..5994	14504..14566	10159..10223	10900..10976	3682..3747	12055..12123	1859..1922	11208..11273	1..64	7072..7134	5826..5889;6067..6134	7137..7198	3770..3837	1767..1832	1919..1984	5995..6061;7575..7639	1992..2061	13738..13799	11134..11206	4580..4649
Pallisentis celatus	JQ943583.1	34	AFK50134.1	-	AFK50132.1	AFK50141.1	AFK50142.1	AFK50139.1	AFK50140.1	AFK50143.1	AFK50135.1	AFK50137.1	AFK50136.1	AFK50138.1	AFK50133.1	11282..12740	1712..2634	12721..12777	12808..12865	12865..12919	3064..3112	11941..12009	1589..1650	4874..4926	1535..1587	6518..6568	10238..10287	2635..2690;8158..8207	4732..4783	10603..10659	11274..11328	8208..8260	3110..3172;10681..10739	4926..4981	4112..4171	1651..1711	4249..4310
Parasacculina yatsui	OQ129535.1	35	WGU20847.1	WGU20846.1	WGU20841.1	WGU20845.1	WGU20848.1	WGU20853.1	WGU20850.1	WGU20849.1	WGU20851.1	WGU20843.1	WGU20842.1	WGU20844.1	WGU20852.1	14295..15040	7909..9082	12905..12954	12166..12229	12098..12159	5719..5774	11741..11805	7614..7679	12775..12835	11807..11862	11599..11662	7845..7907	1542..1602;11865..11927	7684..7747	7502..7567	4916..4983	12840..12899	4984..5037;11931..11984	11669..11730	12032..12095	11529..11590	12712..12773
Passer montanus saturatus	MZ736659.1	35	UVV34727.1	UVV34726.1	UVV34724.1	UVV34725.1	UVV34728.1	UVV34733.1	UVV34722.1	UVV34723.1	UVV34729.1	UVV34731.1	UVV34730.1	UVV34732.1	UVV34734.1	69..1049	1120..2718	complement(5133..5201)	9936..10005	complement(5212..5284)	7043..7111	complement(5285..5351)	complement(3883..3953)	complement(15542..15613)	9515..9583	11675..11744	3800..3870	2719..2793;11810..11880	7808..7877	3953..4021	1..68	complement(14943..15012)	complement(6965..7037);11746..11809	14863..14931	5062..5131	complement(5351..5421)	1050..1119
Pauropus longiramus	HQ457012.1	34	ADT63081.1	ADT63080.1	-	ADT63079.1	ADT63082.1	ADT63088.1	ADT63089.1	ADT63090.1	ADT63083.1	ADT63085.1	ADT63086.1	ADT63084.1	ADT63087.1	complement(11900..12591)	complement(10785..11821)	4324..4394	4382..4446	4444..4511	2271..2334	complement(join(1..3,14424..14478))	complement(13321..13390)	4545..4611	3941..4003	complement(6307..6369)	13264..13327	complement(10668..10737);complement(10722..10784)	2208..2272	13357..13433	complement(4593..4666)	complement(7971..8033)	4475..4548;9679..9738	8006..8075	14386..14445	complement(13202..13264)	complement(11822..11899)
Pectinatella magnifica	OR460713.1	35	XNJ74147.1	XNJ74136.1	XNJ74135.1	XNJ74144.1	XNJ74146.1	XNJ74140.1	XNJ74138.1	XNJ74145.1	XNJ74137.1	XNJ74142.1	XNJ74141.1	XNJ74143.1	XNJ74139.1	complement(12914..13722)	complement(11324..12664)	16679..16743	complement(12665..12728)	16747..16813	complement(13726..13786)	complement(13855..13918)	complement(13986..14047)	complement(12850..12913)	2146..2209	8509..8570	1726..1788	4239..4296;complement(13795..13854)	16610..16676	3201..3263	10294..10357	complement(4298..4364)	5986..6049	complement(6050..6112)	complement(12786..12849)	complement(13921..13985)	complement(12729..12785)
Peripatoides sympatrica	JF800075.1	34	AEK48364.1	AEK48363.1	-	AEK48362.1	AEK48365.1	AEK48371.1	AEK48372.1	AEK48360.1	AEK48366.1	AEK48368.1	AEK48369.1	AEK48367.1	AEK48370.1	complement(13253..13944)	complement(12091..13206)	5562..5621	5624..5662	5663..5719	3493..3536	complement(1127..1178)	14004..14055	5776..5826	5161..5209	complement(7582..7631)	13945..14002	complement(11985..12041);complement(12042..12090)	3444..3492	26..76	complement(5823..5883)	complement(9308..9350)	5723..5772;10993..11055	9251..9295	1092..1142	complement(1179..1234)	complement(13207..13252)
Phascolosoma similis	MN813482.1	35	QKS32589.1	QKS32581.1	QKS32579.1	QKS32580.1	QKS32582.1	QKS32584.1	QKS32588.1	QKS32591.1	QKS32585.1	QKS32587.1	QKS32586.1	QKS32590.1	QKS32583.1	5822..6641	6629..7901	15190..15251	11910..11973	2422..2488	1568..1631	14884..14944	2873..2939	2554..2615	2613..2675	11974..12035	7930..7992	2358..2419;10178..10241	7994..8056	14952..15014;15019..15082	8421..8485	5423..5486	13754..13821;14548..14610	8486..8546	11154..11215	2490..2554	13829..13889
Phrynocephalus grumgrzimailoi	KM093859.1	35	AIU56768.1	AIU56767.1	AIU56765.1	AIU56766.1	AIU56769.1	AIU56775.1	AIU56763.1	AIU56764.1	AIU56770.1	AIU56772.1	AIU56771.1	AIU56773.1	AIU56774.1	568..1439	1503..2981	complement(5338..5406)	10079..10145	complement(5407..5478)	7240..7307	complement(5501..5560)	complement(4021..4093)	complement(14231..14300)	9674..9738	11796..11859	4102..4169	2985..3058;11919..11989	7993..8055	4170..4232	1..66	complement(16158..16228)	complement(7167..7236);11860..11918	15446..15509	5268..5337	complement(5561..5627)	1437..1502
Plakortis simplex	HQ269362.1	20	ADO51524.1	ADO51523.1	ADO51520.1	ADO51522.1	ADO51525.1	ADO51521.1	ADO51515.1	ADO51518.1	ADO51514.1	ADO51512.1	ADO51517.1	ADO51519.1	ADO51513.1	17208..18481	60..2532	-	-	-	-	-	12893..12964	-	-	-	7495..7566	-	-	7703..7773	-	2589..2661	-	-	13024..13094	-	-
Plectus acuminatus	KX017523.1	34	AOW68745.1	-	AOW68740.1	AOW68747.1	AOW68748.1	AOW68751.1	AOW68746.1	AOW68744.1	AOW68749.1	AOW68743.1	AOW68742.1	AOW68750.1	AOW68741.1	6779..7485	8407..9330	7486..7541	11363..11418	9481..9539	7556..7612	4543..4596	1544..1597	14533..14590	8352..8406	5414..5470	6394..6456	3519..3575;11305..11360	9417..9477	14591..14643	13348..13405	4600..4653	7613..7666;14654..14707	6723..6778	6656..6716	5471..5531	4656..4719
Pleistacantha cervicornis	PQ300097.1	35	XRO55030.1	XRO55029.1	XRO55027.1	XRO55028.1	XRO55031.1	XRO55037.1	XRO55038.1	XRO55039.1	XRO55032.1	XRO55034.1	XRO55035.1	XRO55033.1	XRO55036.1	11362..12163	12416..13475	4492..4556	4594..4656	4657..4723	2367..2431	complement(15749..15814)	11129..11195	4791..4853	4053..4118	complement(4856..4917)	10279..10339	1535..1600;13501..13568	2297..2363	14614..14680	complement(4918..4981)	14539..14604	4724..4790;10117..10178	8393..8459	15681..15749	complement(15815..15879)	10202..10274
Pleurobrachia globosa	PP135466.1	12	-	-	WYV96115.1	WYV96123.1	WYV96116.1	WYV96120.1	WYV96122.1	WYV96117.1	WYV96118.1	WYV96119.1	-	WYV96121.1	-	3312..3883	2234..3250	-	-	-	-	-	-	-	-	-	-	-	-	4580..4661	-	-	-	-	-	-	-
Polyacanthorhynchus caballeroi	KT592358.1	34	AMK47828.1	-	AMK47826.1	AMK47835.1	AMK47836.1	AMK47833.1	AMK47834.1	AMK47837.1	AMK47829.1	AMK47831.1	AMK47830.1	AMK47832.1	AMK47827.1	10754..11364	1702..2622	12845..12899	12903..12963	12949..13006	3112..3162	12033..12086	1608..1657	4819..4869	1564..1619	6457..6509	10226..10292	2623..2675;8132..8188	4766..4819	10694..10753	11365..11416	8187..8244	4909..4963;13003..13060	4963..5014	4175..4236	1651..1701	4725..4776
Polypterus palmas polli	HM143936.1	35	ADG95288.1	ADG95287.1	ADG95285.1	ADG95286.1	ADG95289.1	ADG95295.1	ADG95283.1	ADG95284.1	ADG95290.1	ADG95292.1	ADG95291.1	ADG95293.1	ADG95294.1	72..1020	1092..2748	complement(5103..5171)	9921..9990	complement(5173..5245)	7043..7111	complement(5282..5348)	complement(3852..3922)	complement(14206..14274)	9505..9574	11656..11724	3783..3853	2749..2823;11793..11864	7806..7878	3922..3991	1..71	complement(15489..15557)	complement(6969..7039);11725..11790	15419..15488	5028..5097	complement(5349..5419)	1021..1091
Polypterus retropinnis	HM143937.1	35	ADG95301.1	ADG95300.1	ADG95298.1	ADG95299.1	ADG95302.1	ADG95308.1	ADG95296.1	ADG95297.1	ADG95303.1	ADG95305.1	ADG95304.1	ADG95306.1	ADG95307.1	72..1023	1095..2751	complement(5106..5174)	9924..9993	complement(5176..5248)	7046..7114	complement(5285..5352)	complement(3855..3925)	complement(14212..14280)	9508..9577	11662..11730	3786..3856	2752..2826;11799..11870	7809..7881	3925..3994	1..71	complement(15495..15564)	complement(6973..7043);11731..11796	15425..15494	5031..5099	complement(5353..5423)	1024..1094
Priapulus caudatus	DQ463747.1	35	ABE03644.1	ABE03643.1	ABE03641.1	ABE03642.1	ABE03645.1	ABE03635.1	ABE03634.1	ABE03640.1	ABE03646.1	ABE03638.1	ABE03637.1	ABE03639.1	ABE03636.1	27..822	887..2246	14630..14693	14694..14758	14761..14828	12538..12599	complement(10114..10175)	complement(8889..8952)	complement(8696..8759)	14212..14266	6833..6897	8826..8891	2247..2312;2312..2379	12473..12537	8953..9021	8630..8697	5032..5097	complement(3339..3408);complement(8760..8824)	complement(5097..5160)	10049..10114	complement(10177..10243)	823..886
Proisotoma minuta	MW874475.1	35	UBI43113.1	UBI43112.1	UBI43110.1	UBI43111.1	UBI43114.1	UBI43120.1	UBI43121.1	UBI43109.1	UBI43115.1	UBI43117.1	UBI43118.1	UBI43116.1	UBI43119.1	complement(14989..15688)	complement(13724..14965)	6046..6106	7110..7171	7170..7232	3951..4012	complement(1472..1531)	complement(267..333)	7301..7363	5644..5704	complement(9128..9189)	201..263	3135..3196;complement(13659..13723)	3882..3951	334..402	complement(7362..7424)	complement(10904..10966)	7233..7299;12577..12647	10839..10903	1406..1472	complement(1532..1593)	complement(14932..14992)
Pseudoacanthocephalus sp. s CZ-2024	PP476191.1	34	XHO49441.1	-	XHO49439.1	XHO49448.1	XHO49449.1	XHO49446.1	XHO49447.1	XHO49450.1	XHO49442.1	XHO49444.1	XHO49443.1	XHO49445.1	XHO49440.1	12734..13301	1689..2600	14734..14790	14788..14839	14831..14883	3131..3183	13972..14024	1585..1635	6559..6610	1538..1589	8184..8233	11972..12029	2601..2670;9866..9916	6505..6559	12680..12733	13302..13352	9914..9974	6661..6710;14872..14926	6610..6671	4119..4178	1637..1688	6461..6515
Pseudobiotus spinifer	KF938944.1	33	AHZ34689.1	AHZ34690.1	-	AHZ34691.1	AHZ34688.1	AHZ34683.1	AHZ34682.1	AHZ34693.1	AHZ34687.1	AHZ34685.1	AHZ34684.1	AHZ34686.1	-	complement(1144..1860)	complement(1..1091)	7434..7497	7498..7558	7566..7626	5370..5430	complement(2878..3030)	complement(1861..1925)	7683..7746	7029..7090	complement(9423..9493)	complement(13800..13860)	complement(13741..13800);13854..13913	5296..5353	1922..1983	complement(7746..7807)	complement(11151..11211)	7625..7682;complement(12775..12827)	11091..11151	2920..2982	complement(3027..3087)	complement(1092..1143)
Pseudocorticium jarrei	HQ269357.1	35	ADO51449.1	ADO51450.1	ADO51452.1	ADO51453.1	ADO51448.1	ADO51442.1	ADO51451.1	ADO51440.1	ADO51444.1	ADO51446.1	ADO51443.1	ADO51441.1	ADO51445.1	complement(12815..14096)	8..2509	complement(9010..9083);complement(16435..16493)	complement(9442..9512);complement(15189..15261)	3405..3476	complement(17734..17803)	complement(17646..17717)	3328..3399	complement(10559..10630)	3962..4032	complement(10632..10704)	3577..3649;3668..3740	3854..3928;7640..7711	complement(17558..17630)	4053..4123;complement(8937..9008)	complement(14163..14235)	complement(12233..12305)	complement(12313..12398);complement(17826..17910)	complement(12742..12814)	3486..3556	3747..3829	complement(16249..16320);20401..20472
Psychropotes verrucicaudatus	OQ564504.1	35	XUS48751.1	XUS48750.1	XUS48747.1	XUS48749.1	XUS48752.1	XUS48757.1	XUS48758.1	XUS48759.1	XUS48753.1	XUS48754.1	XUS48748.1	XUS48755.1	XUS48756.1	11247..12093	3..1443	complement(13388..13444)	2996..3061	13930..13997	complement(14231..14297)	14080..14145	complement(13853..13923)	12091..12160	13643..13711	7545..7617	15450..15517	13999..14070;14390..14461	4048..4114	13566..13639	11179..11247	13788..13856	complement(5745..5811);7619..7686	16560..16628	13471..13538	14300..14368	complement(14148..14217)
Pyrosoma atlanticum	LC068804.1	35	BBF25283.1	BBF25272.1	BBF25271.1	BBF25273.1	BBF25276.1	BBF25274.1	BBF25277.1	BBF25278.1	BBF25280.1	BBF25281.1	BBF25279.1	BBF25282.1	BBF25275.1	7417..8091	10424..11484	13471..13532	4949..5014	3595..3660	10273..10340	11552..11606	6039..6105	8092..8151	11607..11670;11674..11739	8152..8214	7353..7416	5016..5082;14162..14222	7228..7295	1..63;7302..7372	10341..10404	6165..6233	1667..1719;11485..11550	1604..1666	10203..10267	6101..6163	8812..8879
Raja clavata	MF278973.1	35	AWO66577.1	AWO66576.1	AWO66574.1	AWO66575.1	AWO66578.1	AWO66584.1	AWO66572.1	AWO66573.1	AWO66579.1	AWO66581.1	AWO66580.1	AWO66582.1	AWO66583.1	70..1036	1109..2791	complement(5169..5237)	9999..10067	complement(5238..5310)	7110..7178	complement(5343..5409)	complement(3911..3982)	complement(14301..14369)	9580..9649	11739..11807	3842..3911	2792..2866;11877..11948	7875..7947	3984..4052	1..69	complement(15599..15667)	complement(7039..7109);11808..11875	15519..15590	5099..5167	complement(5410..5479)	1037..1108
Ramazzottius varieornatus	AP017609.1	35	BAV58164.1	BAV58163.1	BAV58161.1	BAV58162.1	BAV58165.1	BAV58171.1	BAV58172.1	BAV58173.1	BAV58166.1	BAV58168.1	BAV58169.1	BAV58167.1	BAV58170.1	complement(12407..13157)	complement(11224..12351)	4344..4405	4406..4458	4465..4525	2280..2344	complement(14305..14360)	complement(13158..13224)	4583..4644	3940..4000	complement(6349..6410)	complement(10716..10778)	complement(10651..10712);complement(10779..10834)	2217..2279	13221..13282	complement(4644..4706)	complement(8060..8122)	4526..4582;9677..9733	7998..8060	14244..14306	complement(14364..14426)	complement(12352..12406)
Relicanthus daphneae	MK947129.1	17	QIN90381.1	QIN90380.1	QIN90378.1	QIN90373.1	QIN90377.1	QIN90376.1	QIN90370.1	QIN90372.1	QIN90371.1	QIN90374.1	QIN90379.1	QIN90369.1	QIN90375.1	5327..6319	11166..12867	-	-	-	-	-	-	-	-	-	-	-	-	10623..10693	-	-	-	-	3573..3642	-	-
Rhabdopleura sp. f ZBRQ-2024a	PP334099.1	34	WVX52203.1	WVX52202.1	WVX52200.1	WVX52204.1	WVX52201.1	-	WVX52193.1	WVX52194.1	WVX52195.1	WVX52197.1	WVX52196.1	WVX52198.1	WVX52205.1	8645..9480	7338..8525	4969..5036	10846..10913	7016..7083	2438..2503	8570..8637	13549..13616	complement(7..71)	complement(138..201)	4812..4875	1218..1287	7090..7156;13620..13690	complement(13471..13548)	10628..10693	5121..5188	complement(3041..3109)	5041..5109;13702..13766	73..136	10694..10759	complement(2503..2567)	10766..10837
Rhabdopleura sp. NHMO H2137	ON600796.1	35	WDV10348.1	WDV10347.1	WDV10345.1	WDV10351.1	WDV10346.1	WDV10344.1	WDV10350.1	WDV10339.1	WDV10340.1	WDV10342.1	WDV10341.1	WDV10343.1	WDV10349.1	7283..8125	5847..7161	3573..3635	9644..9712	5596..5669	complement(1106..1176)	7199..7268	12280..12349	complement(14971..15036)	complement(15114..15176)	3489..3559	16207..16275	5760..5827;12475..12545	12366..12436	9429..9495	3724..3786	complement(1716..1784)	3643..3709;12549..12621	15040..15109	9496..9564	1176..1242	9572..9643
Rhinella martyi	OR778693.1	35	XCI16111.1	XCI16110.1	XCI16108.1	XCI16109.1	XCI16112.1	XCI16118.1	XCI16106.1	XCI16107.1	XCI16113.1	XCI16115.1	XCI16114.1	XCI16116.1	XCI16117.1	279..1207	1277..2848	complement(5227..5294)	10013..10081	complement(5296..5368)	7151..7220	complement(5395..5458)	complement(3985..4055)	complement(14192..14259)	9604..9673	11740..11807	3933..3985	1..72;2849..2921	7918..7981	4055..4123	211..278	complement(143..211)	complement(7075..7146);11808..11874	73..143	5159..5225	complement(5459..5528)	1208..1276
Rhipicephalus pumilio	OR597502.1	35	WOH23050.1	WOH23049.1	WOH23047.1	WOH23048.1	WOH23051.1	WOH23058.1	WOH23053.1	WOH23046.1	WOH23052.1	WOH23055.1	WOH23056.1	WOH23054.1	WOH23057.1	complement(13754..14441)	complement(12491..13690)	11193..11255	11259..11315	11318..11373	9099..9163	5609..5667	complement(66..130)	11430..11492	10785..10846	complement(1880..1942)	1..63	5243..5303;complement(12430..12490)	9033..9098	5672..5736	complement(157..214)	complement(3595..3658)	5177..5240;11375..11429	3534..3594	6698..6759	complement(6761..6824)	complement(13691..13753)
Riseriellus occultus	OR387314.1	35	WMQ77679.1	WMQ77678.1	WMQ77676.1	WMQ77677.1	WMQ77686.1	WMQ77682.1	WMQ77680.1	WMQ77688.1	WMQ77687.1	WMQ77684.1	WMQ77683.1	WMQ77685.1	WMQ77681.1	3398..4238	4304..5616	13112..13177	13323..13384	13385..13451	2297..2361	3270..3331	13255..13322	12111..12173	12180..12243	10315..10369	13475..13541	5617..5682;5695..5762	13039..13100	3333..3397	13188..13251	complement(6834..6898)	8509..8576;14338..14405	complement(8587..8654)	1535..1598	6768..6831	4239..4303
Rotaria rotatoria	GQ304898.1	33	ACT21456.1	-	ACT21454.1	ACT21462.1	ACT21463.1	ACT21458.1	ACT21457.1	ACT21465.1	ACT21464.1	ACT21460.1	ACT21459.1	ACT21461.1	ACT21455.1	9148..9668	1894..2422	2864..2921	12923..12969	14441..14493	2994..3044	-	2940..2994	3766..3824	1538..1594	7364..7417	1741..1805	1619..1675;2423..2478	10318..10369	9087..9147	8950..9006	12863..12915	13730..13786;14392..14440	12002..12056	1681..1734	1830..1893	14103..14155
Salmo pallaryi	ON557264.1	35	WHE16778.1	WHE16777.1	WHE16775.1	WHE16776.1	WHE16779.1	WHE16785.1	WHE16773.1	WHE16774.1	WHE16780.1	WHE16782.1	WHE16781.1	WHE16783.1	WHE16784.1	69..1015	1088..2768	complement(5159..5227)	10000..10069	complement(5229..5301)	7101..7174	complement(5336..5402)	3895..3965	complement(14311..14379)	9581..9650	11741..11810	3826..3897	2769..2843;11881..11953	7880..7953	complement(3965..4033)	1..68	complement(15595..15664)	complement(7026..7096);11811..11879	15524..15595	5085..5156	complement(5403..5473)	1016..1087
Salpa younti	LC590037.1	34	BCM73313.1	-	BCM73320.1	BCM73311.1	BCM73321.1	BCM73312.1	BCM73316.1	BCM73317.1	BCM73318.1	BCM73319.1	BCM73315.1	BCM73310.1	BCM73314.1	8007..8661	5836..6870	3515..3578	13568..13630	4822..4877	13652..13715	5146..5212	5685..5753	5071..5152	8670..8731;13733..13794	9636..9701	7939..8000	3448..3514;6975..7039	4948..5008	5008..5068;11238..11300	3381..3444	1561..1626	3311..3375;6890..6960	4079..4143	1472..1536	5609..5675	4882..4945
Scutigerella causeyae	DQ666065.1	35	ABF93305.1	ABF93304.1	ABF93301.1	ABF93302.1	ABF93303.1	ABF93306.1	ABF93312.1	ABF93313.1	ABF93307.1	ABF93309.1	ABF93310.1	ABF93308.2	ABF93311.1	complement(12024..12748)	complement(10858..12023)	4358..4418	4420..4477	4478..4533	2269..2331	complement(14524..14586)	complement(13379..13440)	4582..4641	3952..4005	complement(6354..6423)	13009..13074	complement(10733..10798);complement(10796..10857)	2211..2273	13324..13390	complement(4628..4697)	complement(8023..8089)	4531..4581;9745..9808	8098..8150	14470..14540	complement(join(14585..14637,1..9))	complement(13075..13138)
Scutopus robustus	MF579533.1	35	AWL21418.1	AWL21419.1	AWL21421.1	AWL21422.1	AWL21423.1	AWL21420.1	AWL21424.1	AWL21425.1	AWL21426.1	AWL21427.1	AWL21428.1	AWL21429.1	AWL21430.1	complement(9593..10320)	complement(10577..11779)	12881..12946	12947..13010	13132..13193	2226..2288	complement(10383..10443)	complement(10447..10514)	11982..12044	complement(11836..11897)	complement(4915..4976)	13011..13073	complement(9351..9418);complement(9528..9592)	12820..12880	complement(10321..10382)	complement(3138..3199)	8370..8431	complement(7825..7885);13074..13132	6602..6662	complement(11914..11975)	complement(10515..10576)	complement(11780..11844)
Scutopus ventrolineatus	KC757645.1	35	AHI45696.1	AHI45695.1	AHI45693.1	AHI45694.1	AHI45703.1	AHI45700.1	AHI45702.1	AHI45705.1	AHI45704.1	AHI45698.1	AHI45699.1	AHI45697.1	AHI45701.1	complement(9506..10328)	complement(10596..11815)	12982..13047	13068..13125	13282..13345	2237..2302	complement(10395..10455)	complement(10457..10524)	12067..12136	complement(11880..11941)	complement(4933..4995)	13126..13193	complement(9374..9436);complement(9442..9505)	12913..12981	complement(10329..10394)	complement(3161..3225)	8380..8443	complement(6698..6756);13217..13277	6631..6697	complement(11959..12020)	complement(10530..10595)	complement(11816..11874)
Seison sp. MS-2015	KP742964.1	34	AKN10627.1	-	AKN10625.1	AKN10633.1	AKN10634.1	AKN10629.1	AKN10628.1	AKN10636.1	AKN10635.1	AKN10631.1	AKN10630.1	AKN10632.1	AKN10626.1	4461..5175	1855..2981	13934..13996	13996..14056	14055..14118	3473..3533	1793..1854	1672..1731	4268..4328	1549..1608	9112..9170	1607..1670	2982..3042;5240..5303	11596..11657	4398..4460	10848..10910	6257..6318	7458..7525;14119..14185	6198..6258	4335..4398	1730..1793	5176..5237
Semnoderes armiger	MF953591.1	34	AYF57120.1	-	AYF57114.1	AYF57119.1	AYF57121.1	AYF57123.1	AYF57116.1	AYF57117.1	AYF57122.1	AYF57124.1	AYF57118.1	AYF57125.1	AYF57115.1	2067..2832	3248..4359	7080..7141	12935..12985	7920..7993	7006..7070	6516..6577	6343..6403	1759..1833	2833..2899	13068..13147	6422..6490	1679..1748;1835..1917	3083..3153	9521..9590	12992..13061	6618..6675	1567..1632;2003..2063	7152..7207	13152..13225	12852..12919	2908..2970
Sinentomon erythranum	HQ199311.1	35	ADN32959.1	ADN32958.1	ADN32956.1	ADN32957.1	ADN32960.1	ADN32966.1	ADN32967.1	ADN32968.1	ADN32961.1	ADN32963.1	ADN32964.1	ADN32962.1	ADN32965.1	10445..11134	11188..12183	4279..4331	4328..4381	4375..4433	2245..2299	complement(14437..14491)	complement(14265..14330)	4546..4600	3877..3931	complement(6195..6247)	13262..13318	12196..12250;12255..12309	2185..2246	14329..14384	complement(4434..4489)	13202..13256	4491..4545;10383..10444	7809..7862	14387..14454	complement(14210..14266)	11135..11187
Sinosolenaia oleivora	KY007143.1	35	APA19213.1	APA19212.1	APA19202.1	APA19203.1	APA19214.1	APA19206.1	APA19208.1	APA19205.1	APA19204.1	APA19210.1	APA19211.1	APA19207.1	APA19209.1	4735..5587	5783..7069	3259..3322	4670..4734	7153..7219	complement(14872..14937)	11016..11085	10948..11015	3480..3545	12197..12261	complement(10274..10347)	11088..11156	7070..7135;11220..11283	5588..5652	4538..4601	8448..8518	7219..7281	3325..3391;3392..3460	5653..5716	4604..4669	5719..5782	11155..11219
Solemya velesiana	KY244081.1	35	ARH10777.1	ARH10778.1	ARH10772.1	ARH10773.1	ARH10782.1	ARH10779.1	ARH10781.1	ARH10784.1	ARH10783.1	ARH10775.1	ARH10774.1	ARH10776.1	ARH10780.1	complement(11173..12059)	complement(9712..11100)	14228..14295	14297..14364	14368..14436	complement(6674..6740)	complement(12129..12196)	complement(12335..12403)	complement(12409..12474)	12753..12818	4079..4143	14442..14510	complement(9570..9637);complement(9643..9711)	13609..13678	complement(12060..12126)	5873..5940	complement(8560..8625)	2276..2342;14863..14930	complement(2344..2411)	complement(12265..12332)	complement(12197..12264)	complement(11102..11172)
Somniosus microcephalus	KY513709.1	35	AQT26235.1	AQT26234.1	AQT26232.1	AQT26233.1	AQT26236.1	AQT26242.1	AQT26230.1	AQT26231.1	AQT26237.1	AQT26239.1	AQT26238.1	AQT26240.1	AQT26241.1	70..1020	1093..2767	complement(5148..5216)	9991..10060	complement(5217..5290)	7098..7167	complement(5328..5394)	complement(3891..3962)	complement(14291..14360)	9567..9636	11732..11800	3820..3889	2768..2842;11868..11939	7863..7936	3963..4031	1..69	complement(15587..15655)	complement(7024..7094);11801..11867	15512..15584	5078..5146	complement(5396..5465)	1021..1092
Spadella cephaloptera	KP899750.1	11	-	-	AKS03983.1	AKS03988.1	AKS03984.1	AKS03990.1	AKS03987.1	AKS03985.1	AKS03986.1	AKS03992.1	-	AKS03991.1	-	1527..2165	5905..7186	-	-	-	-	-	-	-	-	-	-	-	-	-	-	-	-	-	-	-	-
Sphaerius sp. BT0074	EU877950.1	34	ACF35086.1	ACF35085.1	-	ACF35084.1	ACF35087.1	ACF35093.1	ACF35094.1	ACF35082.1	ACF35088.1	ACF35090.1	ACF35091.1	ACF35089.1	ACF35092.1	complement(13981..14764)	complement(12595..13909)	5899..5964	5973..6037	6040..6105	3799..3865	complement(1298..1360)	complement(62..130)	6174..6240	5483..5546	complement(8025..8089)	1..64	2965..3029;complement(12532..12594)	3712..3782	132..202	complement(6239..6306)	complement(9780..9845)	6106..6172;11491..11557	9715..9779	1229..1296	complement(1365..1432)	complement(13910..13980)
Stomolophus sp. CG-2019	MK157198.1	17	QCU46369.1	QCU46368.1	QCU46366.1	QCU46367.1	QCU46370.1	QCU46378.1	QCU46376.1	QCU46371.1	QCU46374.1	QCU46377.1	QCU46375.1	QCU46372.1	QCU46373.1	7393..7728;7769..8324	15181..16995	-	-	-	-	-	-	-	-	-	-	-	-	4181..4251	-	-	-	-	2405..2474	-	-
Strongylus equinus	KM605251.1	34	AJG02950.1	-	AJG02954.1	AJG02955.1	AJG02952.1	AJG02951.1	AJG02961.1	AJG02960.1	AJG02956.1	AJG02953.1	AJG02959.1	AJG02957.1	AJG02958.1	7193..7900	2783..3741	5693..5748	11036..11090	8029..8084	1789..1847	1581..1640	11091..11145	7135..7195	1922..1976	2710..2764	10923..10982	9899..9953;12342..12396	9817..9878	1717..1773	11173..11228	6020..6077	7918..7974;9954..10005	13163..13219	7036..7089	8146..8201	6270..6325
Sympagella nux	EF537577.1	28	ABQ11847.1	-	ABQ11842.1	ABQ11844.1	ABQ11848.1	ABQ11852.1	ABQ11851.1	-	ABQ11845.1	-	ABQ11846.1	-	-	3015..3928	3930..5578	6501..6570	6647..6714	13569..13638	2170..2237	12404..12472	2944..3014	-	250..318	324..392	13502..13567	7237..7304;13436..13502	6721..6790	2879..2946	12333..12403	6582..6648	5579..5649;5671..5743	1954..2020	7164..7231	13639..13709	-
Symphylella sp. YG-2006	EF576853.1	35	ABQ01735.1	ABQ01734.1	ABQ01732.1	ABQ01733.1	ABQ01736.1	ABQ01742.1	ABQ01741.1	ABQ01744.1	ABQ01737.1	ABQ01739.1	ABQ01740.1	ABQ01738.1	ABQ01743.1	complement(9897..10656)	complement(8827..9832)	4362..4425	14552..14615	8355..8416	2277..2341	complement(10657..10717)	complement(10715..10776)	8187..8253	3954..4017	complement(6264..6325)	13476..13538	complement(7927..7990);complement(8758..8826)	2211..2276	13541..13602	complement(4524..4587)	complement(8549..8617)	4434..4501;12965..13029	11798..11859	14606..14667	complement(9833..9896)	complement(11693..11758)
Tachypleus tridentatus	FJ860267.1	35	ACO52903.1	ACO52902.1	ACO52901.1	ACO52900.1	ACO52904.1	ACO52909.1	ACO52910.1	ACO52912.1	ACO52905.1	ACO52907.1	ACO52911.1	ACO52906.1	ACO52908.1	complement(13839..14640)	complement(12475..13768)	5790..5857	5858..5919	5919..5988	3705..3767	complement(1288..1351)	complement(66..132)	6054..6117	5375..5438	complement(7908..7971)	1..67	complement(12341..12406);complement(12408..12474)	3635..3705	131..199	complement(6129..6193)	complement(9672..9736)	5988..6054;11330..11398	9606..9670	1218..1286	complement(1352..1415)	complement(13769..13838)
Taenia ovis	AB731675.1	34	BAN15610.1	-	BAN15614.1	BAN15615.1	BAN15606.1	BAN15607.1	BAN15612.1	BAN15611.1	BAN15613.1	BAN15609.1	BAN15608.1	BAN15605.1	BAN15616.1	11844..12574	10800..11782	7279..7344	401..458	8327..8394	7364..7430	11783..11843	5586..5649	13167..13234	2206..2269	2930..3002	8484..8546	132..197;313..377	8566..8632	5709..5775	5649..5712	8417..8481	235..292;8984..9042	10736..10799	9060..9127	1..63	7196..7259
Terebratalia transversa	AF331161.1	35	AAK95501.1	AAK95499.1	AAK95497.1	AAK95507.1	AAK95500.1	AAK95498.1	AAK95504.1	AAK95509.1	AAK95508.1	AAK95505.1	AAK95506.1	AAK95502.1	AAK95503.1	6582..7343	8021..9125	7412..7473	13152..13206	9185..9245	6521..6581	1606..1668	4576..4639	9126..9185	2786..2847	3820..3877	12694..12744	6389..6447;7961..8020	13207..13266	7344..7404	11627..11688	6452..6511	13267..13322	13093..13151	4637..4698	10207..10269	10146..10206
Terebratulina retusa	AJ245743.1	32	-	CAB59844.1	CAB59842.1	CAB59843.1	CAB59852.1	CAB59848.1	CAB59846.1	CAB59854.1	CAB59853.1	-	CAB59849.1	CAB59851.1	-	3377..4193	4257..5496	5562..5624	13912..13972	9185..9248	2243..2305	3243..3303	10946..11014	12928..12991	12991..13053	11079..11139	13975..14044	5497..5557;5624..5684	9122..9184	3313..3376	12865..12928	7915..7977	9249..9313;14397..14462	13848..13914	11018..11079	3180..3240	4194..4256
Thelohanellus kitauei	OY743233.1	7	-	-	CAJ2387956.1	CAJ2387952.1	-	CAJ2387966.1	CAJ2387948.1	-	-	-	-	CAJ2387970.1	-	5..1236	21024..24590	-	-	-	-	-	-	-	-	-	-	-	-	-	-	-	-	-	-	-	-
Thereuopoda clunifera	OL436141.1	34	WAP91272.1	WAP91271.1	WAP91269.1	WAP91270.1	WAP91273.1	WAP91280.1	WAP91277.1	WAP91268.1	WAP91278.1	WAP91275.1;WAP91279.1	-	WAP91274.1	WAP91276.1	complement(13610..14372)	complement(12351..13537)	5147..5211	5212..5272	9536..9599	3414..3476	9062..9121	complement(1..68)	5329..5389	5087..5147	complement(9598..9659)	complement(14373..14436)	complement(12234..12295);complement(12294..12350)	3345..3414	9000..9062	complement(5388..5447)	complement(11050..11117)	5273..5330;7995..8063	10998..11058	1064..1126	9122..9182	complement(13539..13609)
Tjalfiella sp.	PP327218.1	13	-	-	WVV38361.1	WVV38362.1	WVV38363.1	WVV38364.1	WVV38365.1	WVV38366.1	WVV38367.1	WVV38368.1	WVV38369.1	WVV38370.1	WVV38371.1	5077..5401	4135..5075	-	-	-	-	-	-	-	-	-	-	-	-	-	-	-	-	-	-	-	-
Trichinella spiralis	LC721854.1	35	BDQ01069.1	BDQ01071.1	BDQ01073.1	BDQ01074.1	BDQ01070.1	BDQ01068.1	BDQ01075.1	BDQ01063.1	BDQ01072.1	BDQ01065.1	BDQ01066.1	BDQ01064.1	BDQ01067.1	6090..6777	6832..7778	10450..10503	complement(2624..2683)	10330..10388	9687..9749	complement(10508..10562)	9435..9489	12926..12987	complement(9558..9612)	complement(2565..2617)	complement(9495..9556)	10389..10448;12861..12922	15317..15379	complement(889..951)	complement(952..1007)	complement(4391..4444)	6034..6089;10278..10330	4166..4223	complement(9371..9435)	complement(10569..10627)	6778..6831
Trichoplax adhaerens	DQ112541.1	31	ABF48516.1	-	-	ABF48524.1	ABF48520.1	ABF48511.1	ABF48514.1	ABF48523.1	ABF48515.1	ABF48526.1	ABF48512.1	ABF48521.1	ABF48517.1	30496..31671	8895..9790;26444..28253	7560..7631	9804..9874	complement(14056..14128)	11417..11489	-	complement(3108..3179)	33838..33908	complement(16249..16319)	complement(20611..20681)	-	complement(3686..3758);7874..7947;11221..11303	complement(14587..14659)	complement(3319..3389);complement(16177..16249)	complement(20712..20783)	32700..32770	12052..12123;15459..15544	15329..15402	11044..11114	complement(2966..3044)	6163..6233
Trichuris sp. GHL-2013	KC461179.1	35	AGH27507.1	AGH27509.1	AGH27498.1	AGH27499.1	AGH27508.1	AGH27506.1	AGH27500.1	AGH27501.1	AGH27510.1	AGH27503.1	AGH27504.1	AGH27502.1	AGH27505.1	9422..10126	10192..11198	13924..13983	complement(6124..6188)	13782..13836	13063..13121	complement(14003..14065)	12852..12908	2339..2396	complement(12996..13057)	complement(6061..6122)	complement(12927..12992)	2264..2328;13841..13907	3437..3501	complement(4408..4468)	complement(4463..4521)	complement(7743..7796)	9378..9429;13730..13782	7685..7744	complement(12779..12844)	complement(14068..14127)	10129..10185
Tridacna maxima	MK105973.1	34	QCX31180.1	QCX31188.1	QCX31177.1	-	QCX31185.1	QCX31186.1	QCX31181.1	QCX31178.1	QCX31187.1	QCX31179.1	QCX31184.1	QCX31183.1	QCX31182.1	11355..12250	15951..17158	18293..18365	8172..8239	18228..18296	2915..2982	18155..18218	6594..6664	14375..14441	18091..18156	15720..15781	15787..15853	11027..11091;11095..11160	5433..5498	1689..1759;14305..14368	6674..6742	3701..3765	14443..14511;18025..18094	13340..13406	5502..5569	2981..3052	5570..5636
Tropostreptus severus	MT394517.1	35	UOF70378.1	UOF70377.1	UOF70375.1	UOF70376.1	UOF70379.1	UOF70382.1	UOF70386.1	UOF70374.1	UOF70380.1	UOF70384.1	UOF70385.1	UOF70383.1	UOF70381.1	complement(14124..14925)	complement(12818..14060)	5631..5695	5695..5755	5755..5821	3548..3609	complement(1196..1258)	complement(8141..8206)	5883..5944	5221..5284	complement(10047..10109)	1..64	complement(12694..12754);complement(12756..12817)	3481..3547	65..135	complement(8273..8335)	complement(11712..11774)	5822..5881;7522..7587	7592..7654	1142..1203	complement(8207..8272)	complement(14061..14123)
Tullbergia mixta	MW238520.1	35	QQK54722.1	QQK54721.1	QQK54719.1	QQK54720.1	QQK54723.1	QQK54729.1	QQK54730.1	QQK54718.1	QQK54724.1	QQK54726.1	QQK54727.1	QQK54725.1	QQK54728.1	complement(13898..14623)	complement(12645..13832)	5873..5932	5937..5992	5993..6053	3751..3812	complement(1272..1328)	complement(66..132)	6115..6177	5463..5522	complement(7949..8008)	1..63	2933..2995;complement(12584..12644)	3682..3750	132..194	complement(6178..6240)	complement(9722..9782)	6054..6113;11403..11472	9660..9724	1201..1268	complement(1329..1389)	complement(13833..13899)
Undinula vulgaris	MN603005.1	35	QGX04665.1	QGX04664.1	QGX04662.1	QGX04671.1	QGX04666.1	QGX04668.1	QGX04660.1	QGX04667.1	QGX04670.1	QGX04669.1	QGX04663.1	QGX04672.1	QGX04661.1	8786..9319	11800..12864	complement(5810..5870)	complement(4255..4316)	5171..5233	4402..4464	complement(4317..4376)	5607..5674	5685..5748	8618..8681	complement(5870..5934)	complement(3840..3902)	complement(1347..1410);5540..5601	5357..5417	5419..5480	7646..7706	5484..5540	5233..5292;11681..11737	11738..11799	5294..5356	complement(5749..5808)	12874..12934
Urechis caupo	AY619711.1	35	AAT12191.1	AAT12182.1	AAT12180.1	AAT12181.1	AAT12188.1	AAT12190.1	AAT12186.1	AAT12185.1	AAT12187.1	AAT12184.1	AAT12183.1	AAT12192.1	AAT12189.1	7196..8098	8099..9364	5570..5633	13075..13137	4304..4366	2297..2359	14975..15039	10601..10668	15042..15107	4368..4430	13138..13201	6707..6773	5500..5565;5705..5768	6774..6838	4232..4297	14907..14973	2231..2296	5634..5700;9428..9494	2532..2595	12267..12329	5435..5498	9365..9427
Uroteuthis chinensis	KT362380.1	35	ALI30933.1	ALI30932.1	ALI30927.1	ALI30928.1	ALI30921.1	ALI30923.1	ALI30925.1	ALI30926.1	ALI30922.1	ALI30930.1	ALI30931.1	ALI30929.1	ALI30924.1	6157..7159	4699..6088	16037..16104	11749..11814	10844..10909	16112..16178	10487..10551	4057..4124	10620..10692	15460..15525	17074..17139	4634..4698	15387..15458;17137..17201	7738..7808	11645..11712	11818..11884	2971..3035	1255..1320;7815..7883	15306..15370	7160..7226	10550..10615	6089..6156
Vargula hilgendorfii	AP007269.1	35	BCO38813.1	BCO38812.1	BCO38810.1	BCO38811.1	BCO38814.1	BCO38819.1	BCO38822.1	BCO38820.1	BCO38821.1	BCO38816.1	BCO38817.1	BCO38815.1	BCO38818.1	complement(12397..13111)	complement(11181..12396)	complement(4797..4859)	complement(4735..4800)	9962..10027	2262..2323	15869..15932	complement(13176..13245)	10095..10161	complement(14731..14795)	complement(6621..6683)	13112..13178	complement(11115..11180);14794..14858	complement(9893..9961)	13245..13312	complement(4924..4987)	10192..10258	complement(4669..4734);10028..10094	8258..8322	14259..14323	complement(14322..14386)	complement(4860..4923)
Vema ewingi	KY244019.1	35	APQ42943.1	APQ42944.1	APQ42946.1	APQ42945.1	APQ42949.1	APQ42952.1	APQ42950.1	APQ42947.1	APQ42948.1	APQ42954.1	APQ42953.1	APQ42955.1	APQ42951.1	8761..9623	9653..11025	complement(6799..6863)	complement(6865..6930)	8631..8693	8236..8297	8303..8359	15552..15619	8055..8120	complement(7840..7903)	15632..15694	complement(6935..7002)	10976..11040;11048..11112	8491..8554	8695..8761	17429..17491	12080..12143	complement(6272..6334);13788..13852	complement(1870..1932)	8131..8196	8428..8490	9621..9682
Watasenia scintillans	AB240152.1	35	BAE80015.1;BAE80027.1	BAE80014.1;BAE80026.1	BAE80012.1;BAE80024.1	BAE80013.1;BAE80025.1	BAE80010.1;BAE80022.1	BAE80019.1	BAE80021.1	BAE80011.1	BAE80023.1	BAE80017.1	BAE80018.1	BAE80016.1	BAE80020.1	complement(18417..19324)	complement(11528..12882)	14505..14569	852..919	14573..14640	4237..4302;17319..17384	complement(19395..19457)	complement(19465..19532)	complement(13080..13152)	complement(13011..13076)	complement(6877..6939)	14642..14706	complement(11383..11453);complement(11459..11527)	783..853	complement(19325..19394)	complement(18261..18324)	complement(10380..10446)	936..1003;complement(8669..8730)	8602..8667	complement(12946..13011)	complement(12883..12942)	complement(18350..18416)
Wirenia argentea	PP333957.1	35	XGY06842.1	XGY06841.1	XGY06839.1	XGY06840.1	XGY06836.1	XGY06846.1	XGY06848.1	XGY06838.1	XGY06837.1	XGY06844.1	XGY06845.1	XGY06843.1	XGY06847.1	complement(14601..15419)	complement(13300..14532)	complement(16248..16316)	complement(16115..16177)	complement(16183..16243)	4850..4914	complement(15486..15553)	complement(15674..15749)	complement(15819..15883)	complement(15739..15803)	complement(8927..8989)	complement(15988..16053)	complement(13235..13299);complement(15900..15955)	complement(16053..16117)	complement(15420..15483)	complement(7149..7212)	5726..5789	complement(10622..10677);complement(16347..16414)	5657..5719	complement(15612..15675)	complement(15553..15614)	complement(14533..14597)
Xibalbanus tulumensis	AY456190.1	35	AAS00885.1	AAS00884.1	AAS00882.1	AAS00883.1	AAS00886.1	AAS00892.1	AAS00893.1	AAS00881.1	AAS00887.1	AAS00889.1	AAS00890.1	AAS00888.1	AAS00891.1	complement(15831..16654)	complement(12315..13648)	5788..5855	6038..6127	5913..5978	3607..3685	17764..17834	complement(16727..16809)	5977..6038	5359..5424	complement(11508..11599);complement(13919..14010)	4503..4570	2778..2846;complement(12246..12314)	3528..3607	1..74	complement(6126..6192)	complement(9687..9756)	5855..5913;11398..11458	9628..9689	1063..1136	1160..1234	complement(15759..15830)
Xyloplax princealberti	NC_085630.1	31	YP_011022635.1	YP_011022636.1	YP_011022639.1	YP_011022637.1	YP_011022634.1	YP_011022630.1	-	YP_011022641.1	-	YP_011022632.1	-	-	YP_011022631.1	complement(4214..5105)	complement(2515..4126)	complement(15225..15297)	complement(13434..13479)	15456..15528	complement(15836..15906)	15682..15753	complement(15133..15204)	complement(2448..2514)	15977..16046	complement(8825..8892)	17100..17170	15530..15601;16047..16120	complement(12351..12422)	15762..15832	complement(5106..5155)	15060..15129	complement(8753..8821);10652..10721	complement(4136..4205)	15614..15683	15906..15977	complement(15314..15382)
Yininemertes pratensis	MW381012.1	35	QQP01059.1	QQP01058.1	QQP01056.1	QQP01057.1	QQP01066.1	QQP01062.1	QQP01060.1	QQP01068.1	QQP01067.1	QQP01064.1	QQP01063.1	QQP01065.1	QQP01061.1	3544..4395	4464..5743	13140..13206	13352..13413	13418..13481	2296..2362	3232..3298	13283..13351	12147..12213	12215..12279	10348..10412	13495..13562	5744..5810;5826..5890	13079..13138	3307..3374;3392..3458;3476..3543	13208..13274	complement(6891..6955)	8557..8624;14517..14586	complement(8625..8691)	1540..1609	6826..6887	4396..4463
Yoda sp. d ASH-2021	OL693683.1	34	WBK03011.1	WBK03010.1	-	WBK03009.1	WBK03012.1	WBK03017.1	WBK03006.1	WBK03007.1	WBK03013.1	WBK03015.1	WBK03014.1	WBK03016.1	WBK03005.1	733..1555	1629..3144	complement(5654..5724)	11667..11734	complement(5518..5585)	8226..8294	complement(5725..5792)	complement(4259..4325)	16689..16758	11247..11315	13497..13566	4326..4397	3145..3216;3217..3289	9499..9571	4398..4467	662..732	complement(16889..16960)	complement(7423..7485);13567..13636	16759..16834	5586..5653	complement(5794..5856)	1556..1627
Zonosagitta nagae	AP011545.1	13	-	-	-	BAI68159.1	BAI68163.1;BAI68169.1	BAI68168.1	BAI68160.1	BAI68162.1	BAI68161.1	BAI68164.1	BAI68167.1	BAI68166.1	BAI68165.1	3720..4137	8872..9898	-	-	-	-	-	-	-	-	-	-	-	-	3647..3728	-	-	-	-	-	-	-
